-- phpMyAdmin SQL Dump
-- version 4.9.0.1
-- https://www.phpmyadmin.net/
--
-- Host: 127.0.0.1
-- Generation Time: Feb 17, 2020 at 03:42 PM
-- Server version: 10.3.15-MariaDB
-- PHP Version: 7.3.6

SET SQL_MODE = "NO_AUTO_VALUE_ON_ZERO";
SET AUTOCOMMIT = 0;
START TRANSACTION;
SET time_zone = "+00:00";


/*!40101 SET @OLD_CHARACTER_SET_CLIENT=@@CHARACTER_SET_CLIENT */;
/*!40101 SET @OLD_CHARACTER_SET_RESULTS=@@CHARACTER_SET_RESULTS */;
/*!40101 SET @OLD_COLLATION_CONNECTION=@@COLLATION_CONNECTION */;
/*!40101 SET NAMES utf8mb4 */;

--
-- Database: `ybm_pln`
--

-- --------------------------------------------------------

--
-- Table structure for table `failed_jobs`
--

CREATE TABLE `failed_jobs` (
  `id` bigint(20) UNSIGNED NOT NULL,
  `connection` text COLLATE utf8mb4_unicode_ci NOT NULL,
  `queue` text COLLATE utf8mb4_unicode_ci NOT NULL,
  `payload` longtext COLLATE utf8mb4_unicode_ci NOT NULL,
  `exception` longtext COLLATE utf8mb4_unicode_ci NOT NULL,
  `failed_at` timestamp NOT NULL DEFAULT current_timestamp()
) ENGINE=InnoDB DEFAULT CHARSET=utf8mb4 COLLATE=utf8mb4_unicode_ci;

-- --------------------------------------------------------

--
-- Table structure for table `kategori_ashnafs`
--

CREATE TABLE `kategori_ashnafs` (
  `id` bigint(20) UNSIGNED NOT NULL,
  `nama_ashnaf` varchar(255) COLLATE utf8mb4_unicode_ci NOT NULL,
  `warna` varchar(10) COLLATE utf8mb4_unicode_ci DEFAULT NULL,
  `created_at` timestamp NULL DEFAULT NULL,
  `updated_at` timestamp NULL DEFAULT NULL
) ENGINE=InnoDB DEFAULT CHARSET=utf8mb4 COLLATE=utf8mb4_unicode_ci;

--
-- Dumping data for table `kategori_ashnafs`
--

INSERT INTO `kategori_ashnafs` (`id`, `nama_ashnaf`, `warna`, `created_at`, `updated_at`) VALUES
(1, ' ', NULL, '2020-01-16 08:55:26', '2020-01-16 08:55:26'),
(2, 'Fakir Miskin', '#ff4900', '2020-01-16 08:55:26', '2020-01-16 08:55:26'),
(3, 'Gharimin', '#00b3ff', '2020-01-16 08:55:26', '2020-01-16 08:55:26'),
(4, 'Riqob', '#ff0023', '2020-01-16 08:55:26', '2020-01-16 08:55:26'),
(5, 'Fisabilillah', '#23dcda', '2020-01-16 08:55:26', '2020-01-16 08:55:26'),
(6, 'Ibnu Sabil', '#bab845', '2020-01-16 08:55:26', '2020-01-16 08:55:26'),
(7, 'Mualaf', '#ff009a', '2020-01-16 08:55:26', '2020-01-16 08:55:26'),
(8, 'Operasional', '#63bb44', '2020-01-16 08:55:26', '2020-01-16 08:55:26'),
(9, 'Tarik Tunai', '#a500ff', '2020-01-16 08:55:26', '2020-01-16 08:55:26'),
(10, 'Setoran Tunai Lainnya', '#bab845', '2020-01-16 08:55:26', '2020-01-16 08:55:26'),
(11, 'Bagi Hasil', '#0048ff', '2020-01-16 08:55:26', '2020-01-16 08:55:26'),
(12, 'Pajak', '#00bfe4', '2020-01-16 08:55:26', '2020-01-16 08:55:26'),
(13, 'Biaya Bank', '#808080', '2020-01-16 08:55:26', '2020-01-16 08:55:26'),
(14, 'Droping', '#152529', '2020-01-16 08:55:26', '2020-01-16 08:55:26');

-- --------------------------------------------------------

--
-- Table structure for table `kategori_pembukuans`
--

CREATE TABLE `kategori_pembukuans` (
  `id` bigint(20) UNSIGNED NOT NULL,
  `nama_pembukuan` varchar(255) COLLATE utf8mb4_unicode_ci NOT NULL,
  `kode` varchar(255) COLLATE utf8mb4_unicode_ci NOT NULL,
  `slug` varchar(255) COLLATE utf8mb4_unicode_ci NOT NULL,
  `keterangan` text COLLATE utf8mb4_unicode_ci DEFAULT NULL,
  `created_at` timestamp NULL DEFAULT NULL,
  `updated_at` timestamp NULL DEFAULT NULL
) ENGINE=InnoDB DEFAULT CHARSET=utf8mb4 COLLATE=utf8mb4_unicode_ci;

--
-- Dumping data for table `kategori_pembukuans`
--

INSERT INTO `kategori_pembukuans` (`id`, `nama_pembukuan`, `kode`, `slug`, `keterangan`, `created_at`, `updated_at`) VALUES
(1, 'KAS', 'KAS', 'kas', NULL, '2020-01-16 08:55:26', '2020-01-16 08:55:26'),
(2, 'BRI SYARIAH LAZIS', 'BRI S', 'bri-s', NULL, '2020-01-16 08:55:27', '2020-01-16 08:55:27'),
(3, 'BSM ZAKAT', 'BSM Z', 'bsm-z', NULL, '2020-01-16 08:55:27', '2020-01-16 08:55:27'),
(4, 'BSM OPERASIONAL', 'BSM O', 'bsm-o', NULL, '2020-01-16 08:55:27', '2020-01-16 08:55:27'),
(5, 'BSM INFAQ SHODAQOH', 'BSM IS', 'bsm-is', NULL, '2020-01-16 08:55:27', '2020-01-16 08:55:27'),
(6, 'BRI SYARIAH - DAI PEDALAMAN', 'BRI S DP', 'bri-s-dp', NULL, '2020-01-16 08:55:27', '2020-01-16 08:55:27');

-- --------------------------------------------------------

--
-- Table structure for table `kategori_programs`
--

CREATE TABLE `kategori_programs` (
  `id` bigint(20) UNSIGNED NOT NULL,
  `nama_program` varchar(255) COLLATE utf8mb4_unicode_ci NOT NULL,
  `warna` varchar(10) COLLATE utf8mb4_unicode_ci DEFAULT NULL,
  `created_at` timestamp NULL DEFAULT NULL,
  `updated_at` timestamp NULL DEFAULT NULL
) ENGINE=InnoDB DEFAULT CHARSET=utf8mb4 COLLATE=utf8mb4_unicode_ci;

--
-- Dumping data for table `kategori_programs`
--

INSERT INTO `kategori_programs` (`id`, `nama_program`, `warna`, `created_at`, `updated_at`) VALUES
(1, ' ', NULL, '2020-01-16 08:55:27', '2020-01-16 08:55:27'),
(2, 'Pendidikan', '#ff4900', '2020-01-16 08:55:27', '2020-01-16 08:55:27'),
(3, 'Kesehatan', '#23dcda', '2020-01-16 08:55:27', '2020-01-16 08:55:27'),
(4, 'Ekonomi', '#ea8d15', '2020-01-16 08:55:27', '2020-01-16 08:55:27'),
(5, 'Dakwah', '#bab845', '2020-01-16 08:55:27', '2020-01-16 08:55:27'),
(6, 'Sosial Kemanusiaan', '#63bb44', '2020-01-16 08:55:27', '2020-01-16 08:55:27'),
(7, 'Operasional', '#00b3ff', '2020-01-16 08:55:27', '2020-01-16 08:55:27');

-- --------------------------------------------------------

--
-- Table structure for table `migrations`
--

CREATE TABLE `migrations` (
  `id` int(10) UNSIGNED NOT NULL,
  `migration` varchar(255) COLLATE utf8mb4_unicode_ci NOT NULL,
  `batch` int(11) NOT NULL
) ENGINE=InnoDB DEFAULT CHARSET=utf8mb4 COLLATE=utf8mb4_unicode_ci;

--
-- Dumping data for table `migrations`
--

INSERT INTO `migrations` (`id`, `migration`, `batch`) VALUES
(169, '2014_10_12_000000_create_users_table', 1),
(170, '2014_10_12_100000_create_password_resets_table', 1),
(171, '2019_08_19_000000_create_failed_jobs_table', 1),
(172, '2020_01_14_085240_create_kategori_pembukuans_table', 1),
(173, '2020_01_14_085314_create_kategori_ashnafs_table', 1),
(174, '2020_01_14_085328_create_kategori_programs_table', 1),
(175, '2020_01_14_085352_create_pembukuans_table', 1);

-- --------------------------------------------------------

--
-- Table structure for table `password_resets`
--

CREATE TABLE `password_resets` (
  `email` varchar(255) COLLATE utf8mb4_unicode_ci NOT NULL,
  `token` varchar(255) COLLATE utf8mb4_unicode_ci NOT NULL,
  `created_at` timestamp NULL DEFAULT NULL
) ENGINE=InnoDB DEFAULT CHARSET=utf8mb4 COLLATE=utf8mb4_unicode_ci;

-- --------------------------------------------------------

--
-- Table structure for table `pembukuans`
--

CREATE TABLE `pembukuans` (
  `id` bigint(20) UNSIGNED NOT NULL,
  `kategori_pembukuan_id` bigint(20) UNSIGNED DEFAULT NULL,
  `kategori_ashnaf_id` bigint(20) UNSIGNED DEFAULT NULL,
  `kategori_program_id` bigint(20) UNSIGNED DEFAULT NULL,
  `user_id` bigint(20) UNSIGNED DEFAULT NULL,
  `tanggal` date NOT NULL,
  `tipe` varchar(255) COLLATE utf8mb4_unicode_ci NOT NULL,
  `uraian` text COLLATE utf8mb4_unicode_ci NOT NULL,
  `nominal` int(11) NOT NULL,
  `penerima_manfaat` int(11) NOT NULL,
  `created_at` timestamp NULL DEFAULT NULL,
  `updated_at` timestamp NULL DEFAULT NULL
) ENGINE=InnoDB DEFAULT CHARSET=utf8mb4 COLLATE=utf8mb4_unicode_ci;

--
-- Dumping data for table `pembukuans`
--

INSERT INTO `pembukuans` (`id`, `kategori_pembukuan_id`, `kategori_ashnaf_id`, `kategori_program_id`, `user_id`, `tanggal`, `tipe`, `uraian`, `nominal`, `penerima_manfaat`, `created_at`, `updated_at`) VALUES
(1, 1, 1, 1, 1, '2019-01-05', 'debet', 'Saldo bulan Desember 2018', 19653296, 0, '2020-01-20 06:15:28', '2020-01-20 06:15:28'),
(2, 1, 8, 7, 1, '2019-01-05', 'kredit', 'Biaya pembuatan kalender YBM PLN sebayak 1000pcs', 16300000, 0, '2020-01-20 06:15:28', '2020-01-20 06:15:28'),
(3, 1, 9, 1, 1, '2019-01-08', 'debet', 'Penarikan Tunai ', 100000000, 0, '2020-01-20 06:15:28', '2020-01-20 06:15:28'),
(4, 1, 8, 7, 1, '2019-01-08', 'kredit', 'BPJS Amil an. Condro ', 155500, 4, '2020-01-20 06:15:28', '2020-01-20 06:15:28'),
(5, 1, 2, 3, 1, '2019-01-08', 'kredit', 'BPJS an. Atok (Muallaf)', 79000, 1, '2020-01-20 06:15:28', '2020-01-20 06:15:28'),
(6, 1, 5, 5, 1, '2019-01-08', 'kredit', 'Bantuan insentif dakwah kepada guru ngaji berjumlah 49 orang pada bulan januari ', 34300000, 49, '2020-01-20 06:15:28', '2020-01-20 06:15:28'),
(7, 1, 8, 7, 1, '2019-01-09', 'kredit', 'BPJS Amil. An. Umar ', 104500, 2, '2020-01-20 06:15:28', '2020-01-20 06:15:28'),
(8, 1, 5, 5, 1, '2019-01-09', 'kredit', 'Pembayaran internet Ybm PLN UIW Kalbar bulan januari 2019 ', 462500, 34, '2020-01-20 06:15:28', '2020-01-20 06:15:28'),
(9, 1, 2, 4, 1, '2019-01-10', 'kredit', 'Bantuan ekonomi untuk dhuafa dan miskin dalam bentuk modal usaha ', 3000000, 1, '2020-01-20 06:15:28', '2020-01-20 06:15:28'),
(10, 1, 2, 2, 1, '2019-01-10', 'kredit', 'Bantuan pendidikan dhuafa pembayaran daftar ulang an. Juniarsih dan Masita ', 4210000, 2, '2020-01-20 06:15:28', '2020-01-20 06:15:28'),
(11, 1, 8, 7, 1, '2019-01-11', 'kredit', 'Pembayaran listrik YBM PLN UIW Kalbar bulan januari 2019 ', 502500, 0, '2020-01-20 06:15:28', '2020-01-20 06:15:28'),
(12, 1, 2, 2, 1, '2019-01-11', 'kredit', 'Bantuan Uang saku RGI bulan januari 2019 ', 2710000, 9, '2020-01-20 06:15:28', '2020-01-20 06:15:28'),
(13, 1, 5, 5, 1, '2019-01-11', 'kredit', 'Bantuan Acara PAS di Dai Pedalaman Perbatasan kegiatan Bimbel Al Qur;an Muallaf ', 2000000, 30, '2020-01-20 06:15:28', '2020-01-20 06:15:28'),
(14, 1, 3, 3, 1, '2019-01-15', 'kredit', 'Bantuan operasi pendarahan di kepala atas nama Kabib bulan januari ', 5000000, 1, '2020-01-20 06:15:28', '2020-01-20 06:15:28'),
(15, 1, 3, 3, 1, '2019-01-18', 'kredit', 'Bantuan kesehatan operasi luka bakar atas nama Meisela Putri Safitri ', 2500000, 1, '2020-01-20 06:15:28', '2020-01-20 06:15:28'),
(16, 1, 5, 5, 1, '2019-01-21', 'kredit', 'Biaya Taksi Santri RGI ke Balai Karangan ', 150000, 1, '2020-01-20 06:15:28', '2020-01-20 06:15:28'),
(17, 1, 5, 5, 1, '2019-01-23', 'kredit', 'Bantuan dakwah ke pondok Pesantren Al Fatah Singkawang ', 2400000, 40, '2020-01-20 06:15:28', '2020-01-20 06:15:28'),
(18, 1, 8, 7, 1, '2019-01-24', 'kredit', 'Biaya pengantaran sepeda motor Tosa dari UP3 singkawang ke UIW kalbar ', 700000, 1, '2020-01-20 06:15:28', '2020-01-20 06:15:28'),
(19, 1, 8, 7, 1, '2019-01-28', 'kredit', 'Pembuatan stempel warna berjumlah 8 buah ', 1120000, 0, '2020-01-20 06:15:28', '2020-01-20 06:15:28'),
(20, 1, 8, 7, 1, '2019-01-28', 'kredit', 'Pembuatan Papan nama YBM PLN UIW Kalbar ', 300000, 1, '2020-01-20 06:15:28', '2020-01-20 06:15:28'),
(21, 1, 3, 3, 1, '2019-01-28', 'kredit', 'Bantuan kesehatan untuk melunasi biaya persalinan ibu Yunita', 5180000, 1, '2020-01-20 06:15:28', '2020-01-20 06:15:28'),
(22, 1, 9, 1, 1, '2019-01-29', 'debet', 'Penarikan Tunai ', 100000000, 0, '2020-01-20 06:15:28', '2020-01-20 06:15:28'),
(23, 1, 8, 7, 1, '2019-01-29', 'kredit', 'Biaya pengantaran kalender YBM PLN lewat Go Car ', 39000, 0, '2020-01-20 06:15:28', '2020-01-20 06:15:28'),
(24, 1, 8, 7, 1, '2019-01-31', 'kredit', 'Perjalanan Amil an. Condro ke Tebedak kab.Landak ', 80000, 1, '2020-01-20 06:15:28', '2020-01-20 06:15:28'),
(25, 1, 8, 7, 1, '2019-01-31', 'kredit', 'Perjalanan Amil an. Umar ke Tebedak kab.Landak ', 80000, 1, '2020-01-20 06:15:28', '2020-01-20 06:15:28'),
(26, 1, 7, 5, 1, '2019-01-31', 'kredit', 'Bantuan perlengkapan  ibadah ke muallaf di desa tebedak kab. Landak ', 8046000, 55, '2020-01-20 06:15:28', '2020-01-20 06:15:28'),
(27, 1, 8, 7, 1, '2019-01-31', 'kredit', 'Biaya Operasional dalam membantu perlengkapan ibadah di ngabang kab. Landak ', 923100, 1, '2020-01-20 06:15:28', '2020-01-20 06:15:28'),
(28, 2, 1, 1, 1, '2019-01-31', 'debet', 'Saldo bulan Desember 2018', 525799, 0, '2020-01-20 06:15:28', '2020-01-20 06:15:28'),
(29, 2, 8, 7, 1, '2019-01-31', 'kredit', 'Biaya Adm.', 7500, 0, '2020-01-20 06:15:28', '2020-01-20 06:15:28'),
(30, 3, 1, 1, 1, '2019-01-08', 'debet', 'Saldo bulan Desember 2018', 499604930, 0, '2020-01-20 06:15:28', '2020-01-20 06:15:28'),
(31, 3, 5, 5, 1, '2019-01-08', 'kredit', 'Insentif dakwah kepada dai dan guru ngaji pedalaman bulan januari 2019 ', 35130000, 28, '2020-01-20 06:15:28', '2020-01-20 06:15:28'),
(32, 3, 9, 1, 1, '2019-01-08', 'kredit', 'Penarikan Tunai ', 100000000, 0, '2020-01-20 06:15:28', '2020-01-20 06:15:28'),
(33, 3, 2, 6, 1, '2019-01-09', 'kredit', 'Bantuan Sembako kepada majelis ta\'lim Al madani berjumlah 40 paket bulan Desember 2018 ', 3000000, 40, '2020-01-20 06:15:28', '2020-01-20 06:15:28'),
(34, 3, 2, 6, 1, '2019-01-09', 'kredit', 'Bantuan sembako kepada fakir miskin pada bulan desember 2018 ', 21000000, 73, '2020-01-20 06:15:28', '2020-01-20 06:15:28'),
(35, 3, 14, 1, 1, '2019-01-11', 'debet', 'Droping Dana Pusat ', 259550859, 0, '2020-01-20 06:15:28', '2020-01-20 06:15:28'),
(36, 3, 9, 1, 1, '2019-01-29', 'kredit', 'Penarikan Tunai ', 100000000, 0, '2020-01-20 06:15:28', '2020-01-20 06:15:28'),
(37, 3, 2, 6, 1, '2019-01-30', 'kredit', 'Bantuan Sembako kepada majelis ta\'lim Al madani berjumlah 40 paket bulan Januari 2019', 3000000, 40, '2020-01-20 06:15:28', '2020-01-20 06:15:28'),
(38, 3, 2, 6, 1, '2019-01-30', 'kredit', 'Bantuan Sembako kepada fakir miskin pada bulan Januari 2019 ', 21600000, 73, '2020-01-20 06:15:28', '2020-01-20 06:15:28'),
(39, 3, 2, 6, 1, '2019-01-30', 'kredit', 'Bantuan sembako kepada ponpes habib sholeh bin Alwi Al haddad di Kubu raya ', 9649000, 50, '2020-01-20 06:15:28', '2020-01-20 06:15:28'),
(40, 3, 11, 1, 1, '2019-01-31', 'debet', 'Bagi hasil atau bonus ', 172730, 0, '2020-01-20 06:15:28', '2020-01-20 06:15:28'),
(41, 3, 8, 7, 1, '2019-01-31', 'kredit', 'Biaya Administrasi ', 25000, 0, '2020-01-20 06:15:28', '2020-01-20 06:15:28'),
(42, 3, 8, 7, 1, '2019-01-31', 'kredit', 'Biaya Materai ', 6000, 0, '2020-01-20 06:15:28', '2020-01-20 06:15:28'),
(43, 4, 1, 1, 1, '2019-01-08', 'debet', 'Saldo bulan Desember 2018', 101974119, 0, '2020-01-20 06:15:28', '2020-01-20 06:15:28'),
(44, 4, 8, 7, 1, '2019-01-08', 'kredit', 'Insentif Amil YBM PLN ', 4405000, 2, '2020-01-20 06:15:28', '2020-01-20 06:15:28'),
(45, 4, 11, 1, 1, '2019-01-31', 'debet', 'Bagi hasil atau bonus ', 32213, 0, '2020-01-20 06:15:28', '2020-01-20 06:15:28'),
(46, 4, 8, 7, 1, '2019-01-31', 'kredit', 'Biaya Administrasi', 25000, 0, '2020-01-20 06:15:28', '2020-01-20 06:15:28'),
(47, 4, 8, 7, 1, '2019-01-31', 'kredit', 'Biaya materai ', 6000, 0, '2020-01-20 06:15:28', '2020-01-20 06:15:28'),
(48, 5, 1, 1, 1, '2019-01-31', 'debet', 'Saldo bulan Desember 2018 ', 1918185, 0, '2020-01-20 06:15:28', '2020-01-20 06:15:28'),
(49, 5, 11, 1, 1, '2019-01-31', 'debet', 'Bagi hasil atau bonus ', 611, 0, '2020-01-20 06:15:28', '2020-01-20 06:15:28'),
(50, 5, 8, 7, 1, '2019-01-31', 'kredit', 'Biaya Administrasi ', 25000, 0, '2020-01-20 06:15:28', '2020-01-20 06:15:28'),
(51, 5, 8, 7, 1, '2019-01-31', 'kredit', 'Biaya materai ', 6000, 0, '2020-01-20 06:15:28', '2020-01-20 06:15:28'),
(52, 1, 8, 7, 1, '2019-02-06', 'kredit', 'Instal laptop acer Pak condro dan Scan Virus ', 90000, 1, '2020-01-20 06:15:28', '2020-01-20 06:15:28'),
(53, 1, 2, 6, 1, '2019-02-06', 'kredit', 'Bantuan tiket pesawat untuk rifki sama ayahnya pulang ke ketapang ', 1396976, 2, '2020-01-20 06:15:28', '2020-01-20 06:15:28'),
(54, 1, 2, 2, 1, '2019-02-06', 'kredit', 'Bantuan Pendidikan Beasiswa cahaya Pintar semester genap berjumlah 19 mahasiswa ', 35817000, 17, '2020-01-20 06:15:28', '2020-01-20 06:15:28'),
(55, 1, 8, 7, 1, '2019-02-06', 'kredit', 'Pembayaran internet YBM PLN bulan februari 2019 ', 462000, 1, '2020-01-20 06:15:28', '2020-01-20 06:15:28'),
(56, 1, 2, 6, 1, '2019-02-06', 'kredit', 'Bantuan sembako ke UP 3 Ketapang sebanyak 6 paket untuk 3 bulan ', 5400000, 6, '2020-01-20 06:15:28', '2020-01-20 06:15:28'),
(57, 1, 2, 2, 1, '2019-02-06', 'kredit', 'Bantuan pendidikan RGI dan programer untuk uang saku santri ', 2710000, 10, '2020-01-20 06:15:28', '2020-01-20 06:15:28'),
(58, 1, 3, 3, 1, '2019-02-08', 'kredit', 'Bantuan kesehatan Korban ledakan Gas ketika acara Sedekah Akbar ', 10000000, 3, '2020-01-20 06:15:28', '2020-01-20 06:15:28'),
(59, 1, 2, 6, 1, '2019-02-08', 'kredit', 'Bantuan kesehatan an. Yulian Efendi OS Sektor ', 5000000, 47, '2020-01-20 06:15:28', '2020-01-20 06:15:28'),
(60, 1, 8, 7, 1, '2019-02-11', 'kredit', 'Perjalanan dinas Amil. An. Umar dalam melakukakan survey dan mengadakan Tes untuk siswa Programer di sambas ', 240000, 1, '2020-01-20 06:15:28', '2020-01-20 06:15:28'),
(61, 1, 8, 7, 1, '2019-02-11', 'kredit', 'Biaya perbaikan Tossa dan antar jemput dari kantor YBM ke Bengkel ', 1832500, 1, '2020-01-20 06:15:28', '2020-01-20 06:15:28'),
(62, 1, 8, 7, 1, '2019-02-11', 'kredit', 'Biaya operasional dalam melakukan survey dan mengadakan Tes untuk siswa programer di sambas', 1702200, 0, '2020-01-20 06:15:28', '2020-01-20 06:15:28'),
(63, 1, 8, 7, 1, '2019-02-12', 'kredit', 'BPJS Amil an. Umar ', 104500, 2, '2020-01-20 06:15:28', '2020-01-20 06:15:28'),
(64, 1, 8, 7, 1, '2019-02-12', 'kredit', 'BPJS Amil an, Condro ', 155500, 4, '2020-01-20 06:15:28', '2020-01-20 06:15:28'),
(65, 1, 2, 6, 1, '2019-02-12', 'kredit', 'Biaya konsumsi dan transportasi mengantar Rifki ke Pontianak ,Jakarta dan Pelatihan BNPB ', 11762600, 2, '2020-01-20 06:15:28', '2020-01-20 06:15:28'),
(66, 1, 8, 7, 1, '2019-02-12', 'kredit', 'Biaya konsumsi ketika Raker YBM PLN UIW Kalbar ', 1537500, 14, '2020-01-20 06:15:28', '2020-01-20 06:15:28'),
(67, 1, 2, 2, 1, '2019-02-14', 'kredit', 'Bantuan pendidikan untuk uang saku sekolah programer untuk 3 orang ', 900000, 3, '2020-01-20 06:15:28', '2020-01-20 06:15:28'),
(68, 1, 5, 5, 1, '2019-02-16', 'kredit', 'Bantuan Dakwah untuk guru ngaji berjumlah 25 orang untuk bulan februari 2019 ', 17500000, 26, '2020-01-20 06:15:28', '2020-01-20 06:15:28'),
(69, 1, 2, 4, 1, '2019-02-16', 'kredit', 'Bantuan ekonomi an. Faridah bulan feb. 2019 ', 3000000, 1, '2020-01-20 06:15:28', '2020-01-20 06:15:28'),
(70, 1, 2, 2, 1, '2019-02-16', 'kredit', 'Bantuan pendidikan an. Yatimin ', 1880000, 1, '2020-01-20 06:15:28', '2020-01-20 06:15:28'),
(71, 1, 9, 1, 1, '2019-02-18', 'debet', 'Penarikan Tunai ', 100000000, 0, '2020-01-20 06:15:28', '2020-01-20 06:15:28'),
(72, 1, 5, 5, 1, '2019-02-22', 'kredit', 'Bantuan pelatihan Khatib dan banjir di kab. Landak Bersama FOZ kalbar ', 3300000, 50, '2020-01-20 06:15:28', '2020-01-20 06:15:28'),
(73, 1, 8, 7, 1, '2019-02-25', 'kredit', 'Pembelian Alat tulis kantor ', 50000, 0, '2020-01-20 06:15:28', '2020-01-20 06:15:28'),
(74, 1, 8, 7, 1, '2019-02-25', 'kredit', 'Pembuatan papan nama YBM PLN UIW Kalbar di sekretariat berupa Neon Box ', 3600000, 0, '2020-01-20 06:15:28', '2020-01-20 06:15:28'),
(75, 1, 2, 6, 1, '2019-02-26', 'kredit', 'Biaya perjalanan Dan akomodasi mengantar santri ke ke Nurul fikri dan Rifki ke Jakarta ', 7413600, 2, '2020-01-20 06:15:28', '2020-01-20 06:15:28'),
(76, 1, 8, 7, 1, '2019-02-26', 'kredit', 'Operasional Amil dan pengurus YBM PLN UIW Kalbar dalam pelaksanaan pengobatan gratis di sebongkup, sanggau ', 2045000, 6, '2020-01-20 06:15:28', '2020-01-20 06:15:28'),
(77, 1, 8, 7, 1, '2019-02-26', 'kredit', 'Perjalanan dinas Amil. An Umar ke sanggau dalam melakukan pegobatan gratis ', 240000, 1, '2020-01-20 06:15:28', '2020-01-20 06:15:28'),
(78, 1, 8, 7, 1, '2019-02-26', 'kredit', 'Perjalnan dina amil an. Umar ke jakarta dan depok mengantar santri programer dan Rifki ', 3359400, 1, '2020-01-20 06:15:28', '2020-01-20 06:15:28'),
(79, 1, 8, 7, 1, '2019-02-28', 'kredit', 'Perjalanan dinas amil.an. Condro ke Ngabang dalam membantu korban banjir ', 80000, 1, '2020-01-20 06:15:28', '2020-01-20 06:15:28'),
(80, 1, 8, 7, 1, '2019-02-28', 'kredit', 'Perjalanan dinas Amil an. Condro ke Jakarta dalam mengantar Rifki dan ikut pelatihan BNPB ', 6122553, 1, '2020-01-20 06:15:28', '2020-01-20 06:15:28'),
(81, 1, 2, 6, 1, '2019-02-28', 'kredit', 'Pengobatan massal di dusun sebongkup Desa nanga biang kab. Sanggau ', 18331600, 300, '2020-01-20 06:15:28', '2020-01-20 06:15:28'),
(82, 1, 7, 6, 1, '2019-02-28', 'kredit', 'Pembelian Iqro\' untuk muallaf dan pembuatan spanduk korabn banjir untuk kab. Landak ', 440000, 50, '2020-01-20 06:15:28', '2020-01-20 06:15:28'),
(83, 1, 8, 7, 1, '2019-02-28', 'kredit', 'Pemasangan papan nama YBM PLN UIW Kalbar', 75000, 1, '2020-01-20 06:15:28', '2020-01-20 06:15:28'),
(84, 2, 8, 7, 1, '2019-02-28', 'kredit', 'Biaya Adm.', 7500, 0, '2020-01-20 06:15:28', '2020-01-20 06:15:28'),
(85, 3, 5, 5, 1, '2019-02-01', 'kredit', 'Bantuan dakwah dai dan guru ngaji pedalaman berjumlah 28 orang ', 37940000, 28, '2020-01-20 06:15:28', '2020-01-20 06:15:28'),
(86, 3, 14, 1, 1, '2019-02-13', 'debet', 'Droping dana dari pusat ', 93911034, 0, '2020-01-20 06:15:28', '2020-01-20 06:15:28'),
(87, 3, 3, 3, 1, '2019-02-18', 'kredit', 'Bantuan kesehatan atas nama syafei di RS Antonius ', 5000000, 0, '2020-01-20 06:15:28', '2020-01-20 06:15:28'),
(88, 3, 9, 1, 1, '2019-02-18', 'kredit', 'Penarikan tunai ', 100000000, 0, '2020-01-20 06:15:28', '2020-01-20 06:15:28'),
(89, 3, 14, 1, 1, '2019-02-21', 'debet', 'Dana titipan YBM pusat untu Pelunasan Kontrakan Santri di Sambas', 40000000, 0, '2020-01-20 06:15:28', '2020-01-20 06:15:28'),
(90, 3, 11, 1, 1, '2019-02-28', 'debet', 'Bagi Hasil atau bonus ', 137560, 0, '2020-01-20 06:15:28', '2020-01-20 06:15:28'),
(91, 3, 8, 7, 1, '2019-02-28', 'kredit', 'Biaya Administ', 25000, 0, '2020-01-20 06:15:28', '2020-01-20 06:15:28'),
(92, 3, 8, 7, 1, '2019-02-28', 'kredit', 'Biaya Materai ', 6000, 0, '2020-01-20 06:15:28', '2020-01-20 06:15:28'),
(93, 4, 11, 1, 1, '2019-02-28', 'debet', 'Bagi hasil atau bonus ', 29684, 0, '2020-01-20 06:15:28', '2020-01-20 06:15:28'),
(94, 4, 8, 7, 1, '2019-02-28', 'kredit', 'Biaya Adm.', 25000, 0, '2020-01-20 06:15:28', '2020-01-20 06:15:28'),
(95, 4, 8, 7, 1, '2019-02-28', 'kredit', 'Biaya Materai', 6000, 0, '2020-01-20 06:15:28', '2020-01-20 06:15:28'),
(96, 5, 11, 1, 1, '2019-02-28', 'debet', 'Bagi hasil Atau bonus ', 574, 0, '2020-01-20 06:15:28', '2020-01-20 06:15:28'),
(97, 5, 8, 7, 1, '2019-02-28', 'kredit', 'Biaya Adm.', 25000, 0, '2020-01-20 06:15:28', '2020-01-20 06:15:28'),
(98, 5, 8, 7, 1, '2019-02-28', 'kredit', 'Biaya materai ', 6000, 0, '2020-01-20 06:15:28', '2020-01-20 06:15:28'),
(99, 1, 7, 3, 1, '2019-03-04', 'kredit', 'BPJS Atok 2 bulan (Feb-Maret) 2019 ', 155500, 1, '2020-01-20 06:15:28', '2020-01-20 06:15:28'),
(100, 1, 8, 7, 1, '2019-03-04', 'kredit', 'BPJS Amil. Condro ', 155500, 3, '2020-01-20 06:15:28', '2020-01-20 06:15:28'),
(101, 1, 8, 7, 1, '2019-03-04', 'kredit', 'Pembayaran Internet YBM PLN bulan Maret 2019 ', 462000, 0, '2020-01-20 06:15:28', '2020-01-20 06:15:28'),
(102, 1, 8, 7, 1, '2019-03-04', 'kredit', 'Pembelian Voucher listrik YBM PLN bulan maret 2019 ', 502500, 0, '2020-01-20 06:15:28', '2020-01-20 06:15:28'),
(103, 1, 8, 7, 1, '2019-03-06', 'kredit', 'BPJS Amil. Umar ', 104500, 2, '2020-01-20 06:15:28', '2020-01-20 06:15:28'),
(104, 1, 2, 2, 1, '2019-03-06', 'kredit', 'Bantuan pendidikan untuk uang saku santri RGI dan Programer bulan Maret 2019 ', 3610000, 12, '2020-01-20 06:15:28', '2020-01-20 06:15:28'),
(105, 1, 2, 3, 1, '2019-03-08', 'kredit', 'Bantuan pemberlian tiket dai pedalaman an. Ayi ', 1450639, 2, '2020-01-20 06:15:28', '2020-01-20 06:15:28'),
(106, 1, 5, 5, 1, '2019-03-14', 'kredit', 'Bantuan dakwah untuk guru ngaji berjumlah 27 orang bulan maret 2019 ', 18900000, 27, '2020-01-20 06:15:28', '2020-01-20 06:15:28'),
(107, 1, 2, 4, 1, '2019-03-14', 'kredit', 'Bantuan program Ekonomi berjumlah 3 orang bulan maret 2019', 9000000, 3, '2020-01-20 06:15:28', '2020-01-20 06:15:28'),
(108, 1, 8, 7, 1, '2019-03-19', 'kredit', 'pembuatan baju YBM PLN UIW Kalbar berjumlah 100PCs ', 8500000, 0, '2020-01-20 06:15:28', '2020-01-20 06:15:28'),
(109, 1, 8, 7, 1, '2019-03-19', 'kredit', 'Pembelian tinta epson dan servis Printer ', 185000, 0, '2020-01-20 06:15:28', '2020-01-20 06:15:28'),
(110, 1, 8, 7, 1, '2019-03-19', 'kredit', 'Pembelian ATK YBM PLN ', 117500, 0, '2020-01-20 06:15:28', '2020-01-20 06:15:28'),
(111, 1, 8, 7, 1, '2019-03-19', 'kredit', 'Pembelian Aqua Gelas dua Dus ', 48000, 0, '2020-01-20 06:15:28', '2020-01-20 06:15:28'),
(112, 1, 8, 7, 1, '2019-03-20', 'kredit', 'Pembelian Konsumsi untuk Rapat bersama FOZ di Sekretariat YBM PLN ', 70000, 0, '2020-01-20 06:15:28', '2020-01-20 06:15:28'),
(113, 1, 2, 6, 1, '2019-03-21', 'kredit', 'Bantuan sosial perbaikan/pembangunan rumah an. Limbon di sungai asam ', 5000000, 1, '2020-01-20 06:15:28', '2020-01-20 06:15:28'),
(114, 1, 3, 3, 1, '2019-03-25', 'kredit', 'Bantuan kesehatan untuk pemulangan pasien an. Iskandar dari rumah sakit kerjasama dengan FOZ kalbar ', 1500000, 1, '2020-01-20 06:15:28', '2020-01-20 06:15:28'),
(115, 1, 2, 3, 1, '2019-03-25', 'kredit', 'Biaya konsumsi dan transportasi dalam mengantar Rifki ke jakarta untuk memasanga kaki palsu sebelah kiri ', 10826472, 2, '2020-01-20 06:15:28', '2020-01-20 06:15:28'),
(116, 1, 8, 7, 1, '2019-03-25', 'kredit', 'Perjalanan dinas Amil an. Condro ke jakarta dalam mengantar rifki ', 3555257, 0, '2020-01-20 06:15:28', '2020-01-20 06:15:28'),
(117, 1, 3, 3, 1, '2019-03-26', 'kredit', 'Bantuan kesehatan atas pelunasan Rumah sakit di ketapang an. Syamsudin ', 5000000, 1, '2020-01-20 06:15:28', '2020-01-20 06:15:28'),
(118, 1, 9, 1, 1, '2019-03-26', 'debet', 'Penarikan Tunai ', 100000000, 0, '2020-01-20 06:15:28', '2020-01-20 06:15:28'),
(119, 1, 2, 3, 1, '2019-03-27', 'kredit', 'Bantuan kesehatan untuk pelunasan biaya rumah sakit an. Ronavita ', 750000, 0, '2020-01-20 06:15:28', '2020-01-20 06:15:28'),
(120, 1, 2, 6, 1, '2019-03-28', 'kredit', 'Bantuan sembako untuk Ricki', 300000, 1, '2020-01-20 06:15:28', '2020-01-20 06:15:28'),
(121, 1, 8, 7, 1, '2019-03-29', 'kredit', 'Pengisian voucher listrik YBM PLN UIW KALBAR bulan maret 2019', 502000, 0, '2020-01-20 06:15:28', '2020-01-20 06:15:28'),
(122, 1, 5, 5, 1, '2019-03-29', 'kredit', 'Bantuan dakwah untuk insentif dai pedalaman yang tertunda an. Imam sibawaeh ', 1400000, 1, '2020-01-20 06:15:28', '2020-01-20 06:15:28'),
(123, 1, 2, 2, 1, '2019-03-29', 'kredit', 'Bantuan pendidikan an. Tomia untuk tambahan daftar ulang bulan maret 2019 ', 1420000, 1, '2020-01-20 06:15:28', '2020-01-20 06:15:28'),
(124, 1, 8, 7, 1, '2019-03-30', 'kredit', 'Biaya Transportasi dan konsumsi Amil. An. Condro survey ke Ambawang ', 90900, 0, '2020-01-20 06:15:28', '2020-01-20 06:15:28'),
(125, 1, 2, 3, 1, '2019-03-31', 'kredit', 'Bantuan kesehatan berupa tiket pesawat 2 orang an. Suhani dan nanim ', 1264025, 2, '2020-01-20 06:15:28', '2020-01-20 06:15:28'),
(126, 2, 8, 7, 1, '2019-03-31', 'kredit', 'Biaya Adm.', 7500, 0, '2020-01-20 06:15:28', '2020-01-20 06:15:28'),
(127, 3, 5, 5, 1, '2019-03-05', 'kredit', 'Bantuan dakwah untuk dai dan guru ngaji pedalaman berjumlah 27 orang bulan maret 2019 ', 36535000, 27, '2020-01-20 06:15:28', '2020-01-20 06:15:28'),
(128, 3, 14, 1, 1, '2019-03-15', 'debet', 'Droping dana dari pusat ', 85221500, 0, '2020-01-20 06:15:28', '2020-01-20 06:15:28'),
(129, 3, 9, 1, 1, '2019-03-26', 'kredit', 'Penarikan Tunai ', 100000000, 0, '2020-01-20 06:15:28', '2020-01-20 06:15:28'),
(130, 3, 14, 1, 1, '2019-03-27', 'debet', 'Bantuan Dana untuk Muallad dan Dai pedalaman dari YBM PLN Pusat ', 520800000, 0, '2020-01-20 06:15:28', '2020-01-20 06:15:28'),
(131, 3, 11, 1, 1, '2019-03-31', 'debet', 'Bagi Hasil atau Bonus ', 166104, 0, '2020-01-20 06:15:28', '2020-01-20 06:15:28'),
(132, 3, 8, 7, 1, '2019-03-31', 'kredit', 'Biaya Adm.', 25000, 0, '2020-01-20 06:15:28', '2020-01-20 06:15:28'),
(133, 3, 8, 7, 1, '2019-03-31', 'kredit', 'Biaya materai ', 6000, 0, '2020-01-20 06:15:28', '2020-01-20 06:15:28'),
(134, 4, 8, 7, 1, '2019-03-05', 'kredit', 'Insentif Amil bulan feb 2019 ', 5232000, 2, '2020-01-20 06:15:28', '2020-01-20 06:15:28'),
(135, 4, 8, 7, 1, '2019-03-26', 'kredit', 'Insentif Amil bulan Maret 2019 ', 5232000, 2, '2020-01-20 06:15:28', '2020-01-20 06:15:28'),
(136, 4, 14, 1, 1, '2019-03-27', 'debet', 'Droping dana (penggantian uang untuk kalender)', 16300000, 0, '2020-01-20 06:15:28', '2020-01-20 06:15:28'),
(137, 4, 11, 1, 1, '2019-03-31', 'debet', 'Bagi hasil atau bonus ', 30085, 0, '2020-01-20 06:15:28', '2020-01-20 06:15:28'),
(138, 4, 8, 7, 1, '2019-03-31', 'kredit', 'Biaya adm.', 25000, 0, '2020-01-20 06:15:28', '2020-01-20 06:15:28'),
(139, 4, 8, 7, 1, '2019-03-31', 'kredit', 'Biaya materai ', 6000, 0, '2020-01-20 06:15:28', '2020-01-20 06:15:28'),
(140, 5, 11, 1, 1, '2019-03-31', 'debet', 'Bagi hasil atau bonus ', 591, 0, '2020-01-20 06:15:28', '2020-01-20 06:15:28'),
(141, 5, 8, 7, 1, '2019-03-31', 'kredit', 'Biaya Adm.', 25000, 0, '2020-01-20 06:15:28', '2020-01-20 06:15:28'),
(142, 5, 8, 7, 1, '2019-03-31', 'kredit', 'Biaya materai ', 6000, 0, '2020-01-20 06:15:28', '2020-01-20 06:15:28'),
(143, 1, 8, 7, 1, '2019-04-04', 'kredit', 'Pembayaran Internet Indihome YBMPLN Kalbar bulan April 2019 ', 462000, 0, '2020-01-20 06:15:28', '2020-01-20 06:15:28'),
(144, 1, 7, 3, 1, '2019-04-04', 'kredit', 'BPJS (Muallaf) Atok ', 79000, 1, '2020-01-20 06:15:28', '2020-01-20 06:15:28'),
(145, 1, 8, 7, 1, '2019-04-04', 'kredit', 'BPJS Amil. An Condro ', 155500, 0, '2020-01-20 06:15:28', '2020-01-20 06:15:28'),
(146, 1, 8, 7, 1, '2019-04-04', 'kredit', 'Perjalanan Dina Amil ,an Umar ke Sambas dalam menyalurkan dana dari Pusat untuk Pelunasan Kontrakan MBS ', 730000, 0, '2020-01-20 06:15:28', '2020-01-20 06:15:28'),
(147, 1, 8, 7, 1, '2019-04-04', 'kredit', 'Pembelian Kertas HPS A4 satu Rim ', 49000, 0, '2020-01-20 06:15:28', '2020-01-20 06:15:28'),
(148, 1, 8, 7, 1, '2019-04-05', 'kredit', 'BPJS Amil. An. Umar', 104500, 0, '2020-01-20 06:15:28', '2020-01-20 06:15:28'),
(149, 1, 2, 2, 1, '2019-04-05', 'kredit', 'Uang saku santri Programer Fak. Nurul fikri atas nama Muhaidi di depok ', 300000, 1, '2020-01-20 06:15:28', '2020-01-20 06:15:28'),
(150, 1, 2, 3, 1, '2019-04-05', 'kredit', 'Bantuan kesehatan pelunasan rumah sakit an. Rozikin ', 1000000, 1, '2020-01-20 06:15:28', '2020-01-20 06:15:28'),
(151, 1, 2, 2, 1, '2019-04-05', 'kredit', 'Bantuan Pendidikan untuk uang saku santri RGI dan programer di NF bulan April 2019 ', 3610000, 10, '2020-01-20 06:15:28', '2020-01-20 06:15:28'),
(152, 1, 2, 2, 1, '2019-04-05', 'kredit', 'Pembelian Tas untuk anak yatim MBS di sambas 3 Buah ', 225000, 3, '2020-01-20 06:15:28', '2020-01-20 06:15:28'),
(153, 1, 8, 7, 1, '2019-04-05', 'kredit', 'Konsumsi Amil an, Umar selama penyerahan bantuan ke sambas ', 95000, 0, '2020-01-20 06:15:28', '2020-01-20 06:15:28'),
(154, 1, 8, 7, 1, '2019-04-08', 'kredit', 'Perbaikan kunci pintu kantor YBM PLN UIW Kalbar ', 150000, 0, '2020-01-20 06:15:28', '2020-01-20 06:15:28'),
(155, 1, 8, 7, 1, '2019-04-10', 'kredit', 'Perjalanan Dinas Amil an. Condro ke singkawang dalam menghadiri undangan pelatihan Imam dan khatib ', 950000, 0, '2020-01-20 06:15:28', '2020-01-20 06:15:28'),
(156, 1, 5, 5, 1, '2019-04-10', 'kredit', 'Bantuan Dana untuk pelatihan Imam dan Khatib di Singkawang ', 3000000, 40, '2020-01-20 06:15:28', '2020-01-20 06:15:28'),
(157, 1, 8, 7, 1, '2019-04-10', 'kredit', 'Biaya ke singkawang selama menghadiri pelatihan Imam dan khatib ', 4159000, 0, '2020-01-20 06:15:28', '2020-01-20 06:15:28'),
(158, 1, 2, 6, 1, '2019-04-11', 'kredit', 'Bantuan bedah rumah an. Saudah berupa barang bangunan dan upah pada bulan April 2019 ', 10000000, 1, '2020-01-20 06:15:28', '2020-01-20 06:15:28'),
(159, 1, 2, 4, 1, '2019-04-11', 'kredit', 'Bantuan Modal usaha an. Jajang Rahmat pada bulan maret 2019 ', 2000000, 1, '2020-01-20 06:15:28', '2020-01-20 06:15:28'),
(160, 1, 2, 4, 1, '2019-04-11', 'kredit', 'Bantuan Ekonomi untuk modal usaha Mustahik berjumlah 3 orang Bulan April 2019 ', 9000000, 3, '2020-01-20 06:15:28', '2020-01-20 06:15:28'),
(161, 1, 5, 5, 1, '2019-04-12', 'kredit', 'Bantuan guru ngaji bulan April 2019 berjumlah 27 orang ', 18900000, 27, '2020-01-20 06:15:28', '2020-01-20 06:15:28'),
(162, 1, 8, 7, 1, '2019-04-14', 'kredit', 'Biaya perjalanan selama memberikan bantuan ke landak dalam acara 1000  Guru kalbar ', 1432500, 0, '2020-01-20 06:15:28', '2020-01-20 06:15:28'),
(163, 1, 2, 2, 1, '2019-04-14', 'kredit', 'Bantuan Sosiial untuk kegiatanb 1000 Guru Kalbar yang di laksanakan di kab. Landak ', 8800000, 100, '2020-01-20 06:15:28', '2020-01-20 06:15:28'),
(164, 1, 8, 7, 1, '2019-04-15', 'kredit', 'Pembelian tinta warna Kuning,Merah,biru dan Scnaer printer ', 220000, 0, '2020-01-20 06:15:28', '2020-01-20 06:15:28'),
(165, 1, 8, 7, 1, '2019-04-15', 'kredit', 'Perjalanan dinas Amil ke landak dalam memberikan bantuan ke desa Munggok ', 160000, 0, '2020-01-20 06:15:28', '2020-01-20 06:15:28'),
(166, 1, 5, 5, 1, '2019-04-15', 'kredit', 'Perbaikan Mobil dakwah KPMP ', 2500000, 1, '2020-01-20 06:15:28', '2020-01-20 06:15:28'),
(167, 1, 9, 1, 1, '2019-04-18', 'debet', 'Tarik Tunai ', 4000000, 0, '2020-01-20 06:15:28', '2020-01-20 06:15:28'),
(168, 1, 8, 7, 1, '2019-04-23', 'kredit', 'Insentif dan Pesangon Amil an, Rizal Mustamsir yang mengundurkan diri dari YBM PLN UIW KALBAR ', 6277000, 0, '2020-01-20 06:15:28', '2020-01-20 06:15:28'),
(169, 1, 8, 7, 1, '2019-04-24', 'kredit', 'Perjalalanan Dinas Amil an. Condro mengikuti pelatihan Sekolah Amil Indonesia di Bogor ', 4133700, 0, '2020-01-20 06:15:28', '2020-01-20 06:15:28'),
(170, 1, 5, 5, 1, '2019-04-24', 'kredit', 'Bantuan Kepada KPMP dalam rangka program Fardhu Kifayah dan Bimbel Alqur\'an ', 2080000, 1, '2020-01-20 06:15:28', '2020-01-20 06:15:28'),
(171, 1, 8, 7, 1, '2019-04-26', 'kredit', 'Perjalanan dinas Amil umar ke Jakarta-bogor dalam mengikuti Pelatihan CBI ', 3851100, 0, '2020-01-20 06:15:28', '2020-01-20 06:15:28'),
(172, 1, 8, 7, 1, '2019-04-28', 'kredit', 'Pembayaran taksi Pontianak-Sambas PP selama survey ke sambas -Tekarang ', 350000, 0, '2020-01-20 06:15:28', '2020-01-20 06:15:28'),
(173, 1, 2, 6, 1, '2019-04-28', 'kredit', 'Bantuan Bingkisan peduli dhuafa sebanyak 200 Paket untuk BKMT', 2200000, 50, '2020-01-20 06:15:28', '2020-01-20 06:15:28'),
(174, 1, 8, 7, 1, '2019-04-29', 'kredit', 'Perjalalanan Dinas Amil an. Condro dalam melakukan survey dan pelaksanaan seleksi Petik di Bunut, kab. Kapuas Hulu', 1001220, 0, '2020-01-20 06:15:28', '2020-01-20 06:15:28'),
(175, 1, 2, 2, 1, '2019-04-29', 'kredit', 'Biaya Pelaksanaan Tes PeTIK di UIW KALBAR dan UIP KALBAGBAR ', 514000, 0, '2020-01-20 06:15:28', '2020-01-20 06:15:28'),
(176, 1, 2, 2, 1, '2019-04-29', 'kredit', 'Biaya dalam pelaksanaan Tes Petik di Kapuas Hulu, Putusibau ', 1547000, 0, '2020-01-20 06:15:28', '2020-01-20 06:15:28'),
(177, 1, 5, 5, 1, '2019-04-30', 'kredit', 'Konsumsi dan bensin dalam penyaluran sembako ke sei. Pinyuh ', 190000, 3, '2020-01-20 06:15:28', '2020-01-20 06:15:28'),
(178, 1, 2, 6, 1, '2019-04-30', 'kredit', 'Bantuan sosial Santunan anak panti dan dhuafa dalam Rangka menyambut Bulan suci Ramadhan oleh UP3 Ptk', 5500000, 50, '2020-01-20 06:15:28', '2020-01-20 06:15:28'),
(179, 2, 8, 7, 1, '2019-04-30', 'kredit', 'Biaya Adm.', 7500, 0, '2020-01-20 06:15:28', '2020-01-20 06:15:28'),
(180, 3, 2, 2, 1, '2019-04-02', 'kredit', 'Bantuan Pelunasan Kontrakan Anak yatim(pendidikan) di Sambas MBS ', 40000000, 40, '2020-01-20 06:15:28', '2020-01-20 06:15:28'),
(181, 3, 5, 5, 1, '2019-04-05', 'kredit', 'Insentif Dai Pedalaman bulan April 2019 berjumlah 27 orang ', 36535000, 27, '2020-01-20 06:15:28', '2020-01-20 06:15:28'),
(182, 3, 2, 2, 1, '2019-04-18', 'kredit', 'Bantuan pendidikan untuk sekolah Qur\'an Tahfidz Bulan Januari-Februari ', 16000000, 20, '2020-01-20 06:15:28', '2020-01-20 06:15:28'),
(183, 3, 5, 5, 1, '2019-04-18', 'kredit', 'Bantuan Dakwah kepada Ponpes Mahyajatul Quro untuk Guru Ngaji ', 5000000, 10, '2020-01-20 06:15:28', '2020-01-20 06:15:28'),
(184, 3, 5, 5, 1, '2019-04-18', 'kredit', 'Bantuan dakwah kepada ponpes madinatul Qur\'an untuk guru ngaji ', 5000000, 10, '2020-01-20 06:15:28', '2020-01-20 06:15:28'),
(185, 3, 9, 1, 1, '2019-04-18', 'kredit', 'Penarikan Tunai ', 4000000, 0, '2020-01-20 06:15:28', '2020-01-20 06:15:28'),
(186, 3, 14, 1, 1, '2019-04-29', 'debet', 'Droping dana Dari pusat ', 77913875, 0, '2020-01-20 06:15:28', '2020-01-20 06:15:28'),
(187, 3, 11, 1, 1, '2019-04-30', 'debet', 'Bagi Hasil atau Bonus ', 269267, 0, '2020-01-20 06:15:28', '2020-01-20 06:15:28'),
(188, 3, 8, 7, 1, '2019-04-30', 'kredit', 'Biaya Adm.', 25000, 0, '2020-01-20 06:15:28', '2020-01-20 06:15:28'),
(189, 3, 8, 7, 1, '2019-04-30', 'kredit', 'Biaya materai ', 6000, 0, '2020-01-20 06:15:28', '2020-01-20 06:15:28'),
(190, 4, 8, 7, 1, '2019-04-29', 'kredit', 'Insentif Amil YBM PLN UIW Bulan april 2019 berjumlah 2 orang', 5232000, 2, '2020-01-20 06:15:28', '2020-01-20 06:15:28'),
(191, 4, 11, 1, 1, '2019-04-30', 'debet', 'Bagi Hasil Atau Bonus ', 32723, 0, '2020-01-20 06:15:28', '2020-01-20 06:15:28'),
(192, 4, 8, 7, 1, '2019-04-30', 'kredit', 'Biaya Adm.', 25000, 0, '2020-01-20 06:15:28', '2020-01-20 06:15:28'),
(193, 4, 8, 7, 1, '2019-04-30', 'kredit', 'Biaya materai ', 6000, 0, '2020-01-20 06:15:28', '2020-01-20 06:15:28'),
(194, 5, 11, 1, 1, '2019-04-30', 'debet', 'Bagi hasil atau bonus ', 579, 0, '2020-01-20 06:15:28', '2020-01-20 06:15:28'),
(195, 5, 8, 7, 1, '2019-04-30', 'kredit', 'Biaya Adm.', 25000, 0, '2020-01-20 06:15:28', '2020-01-20 06:15:28'),
(196, 5, 8, 7, 1, '2019-04-30', 'kredit', 'Biaya materai', 6000, 0, '2020-01-20 06:15:28', '2020-01-20 06:15:28'),
(197, 1, 8, 7, 1, '2019-05-02', 'kredit', 'Pembelian Voucher listrik YBM PLN ', 502500, 0, '2020-01-20 06:15:28', '2020-01-20 06:15:28'),
(198, 1, 2, 6, 1, '2019-05-03', 'kredit', 'Bantuan sosial pembangunan gedung Sekolah yang terbakar Yayasan Taufiqiyah sei. Pinyuh ', 10000000, 20, '2020-01-20 06:15:28', '2020-01-20 06:15:28'),
(199, 1, 2, 3, 1, '2019-05-03', 'kredit', 'Bantuan kesehatan pengobatan anak dari ust. Engkos dai pedalaman an. Syifa Wujahidah ', 5000000, 0, '2020-01-20 06:15:28', '2020-01-20 06:15:28'),
(200, 1, 9, 1, 1, '2019-05-06', 'debet', 'Penarikan Tunai ', 100000000, 0, '2020-01-20 06:15:28', '2020-01-20 06:15:28'),
(201, 1, 8, 7, 1, '2019-05-06', 'kredit', 'Pembuatan Amplop YBM PLN UIW KALBAR sebanyak 25 kotak', 1560000, 0, '2020-01-20 06:15:28', '2020-01-20 06:15:28'),
(202, 1, 2, 3, 1, '2019-05-06', 'kredit', 'Bantuan kesehatan untuk kepulangan pasien ke ketapang an. Suhani dan Nanim ', 1299069, 2, '2020-01-20 06:15:28', '2020-01-20 06:15:28'),
(203, 1, 2, 6, 1, '2019-05-06', 'kredit', 'Bantuan Semabko kepada UP3 ketapang bulan Mei 2019 ', 4200000, 6, '2020-01-20 06:15:28', '2020-01-20 06:15:28'),
(204, 1, 2, 6, 1, '2019-05-06', 'kredit', 'Bantuan sosial paket sembako kepada majelis ta\'lim Nurul Qomar ', 3000000, 10, '2020-01-20 06:15:28', '2020-01-20 06:15:28'),
(205, 1, 8, 7, 1, '2019-05-08', 'kredit', 'BPJS AMIL an. Umar ', 104500, 2, '2020-01-20 06:15:28', '2020-01-20 06:15:28'),
(206, 1, 8, 7, 1, '2019-05-08', 'kredit', 'BPJS AMIL an. Condro ', 153500, 0, '2020-01-20 06:15:28', '2020-01-20 06:15:28'),
(207, 1, 7, 3, 1, '2019-05-08', 'kredit', 'BPJS Atok ', 79000, 4, '2020-01-20 06:15:28', '2020-01-20 06:15:28'),
(208, 1, 9, 1, 1, '2019-05-08', 'debet', 'Tarik Tunai (kembalian di karenakan Sama Bank ) ', 5000, 0, '2020-01-20 06:15:28', '2020-01-20 06:15:28'),
(209, 1, 8, 7, 1, '2019-05-08', 'kredit', 'Perbaikan atap belakang (dapur)  YBM PLN ', 963000, 0, '2020-01-20 06:15:28', '2020-01-20 06:15:28'),
(210, 1, 2, 2, 1, '2019-05-09', 'kredit', 'Bantuan pendidikan an. M. Alfian dan Maulydya pelunasan SPP', 2625000, 2, '2020-01-20 06:15:28', '2020-01-20 06:15:28'),
(211, 1, 8, 7, 1, '2019-05-10', 'kredit', 'Pembayaran internet bulan Mei  YBM PLN UIW Kalbar 2019 ', 473000, 0, '2020-01-20 06:15:28', '2020-01-20 06:15:28'),
(212, 1, 9, 1, 1, '2019-05-13', 'debet', 'Penarikan Tunai ', 100000000, 0, '2020-01-20 06:15:28', '2020-01-20 06:15:28'),
(213, 1, 5, 5, 1, '2019-05-13', 'kredit', 'Biaya Transportasi anak yatim dan Dhuafa buka Puasa bersama di PCC bersama Manajemen PLN Kalbar ', 469000, 20, '2020-01-20 06:15:28', '2020-01-20 06:15:28'),
(214, 1, 2, 2, 1, '2019-05-13', 'kredit', 'Bantuan pendidikan kepada Thesa dan Friscka dalam pemabayaran SPP dan Daftar Ulang ', 1835000, 2, '2020-01-20 06:15:28', '2020-01-20 06:15:28'),
(215, 1, 8, 7, 1, '2019-05-13', 'kredit', 'Pembuatan Arcylic YBM PLN UIW KALBAR sebanyak 1 buah', 358000, 0, '2020-01-20 06:15:28', '2020-01-20 06:15:28'),
(216, 1, 2, 6, 1, '2019-05-13', 'kredit', 'Santunan Yatim dan Dhuafa pada bulan Ramadhan 1440 di Pontianak Convention Center besama Manajemen PLN ', 27000000, 166, '2020-01-20 06:15:28', '2020-01-20 06:15:28'),
(217, 1, 9, 1, 1, '2019-05-14', 'debet', 'Penarikan Tunai ', 20000000, 0, '2020-01-20 06:15:28', '2020-01-20 06:15:28'),
(218, 1, 2, 6, 1, '2019-05-14', 'kredit', 'Bantuan dana dari YBM PLN UIW ke UP3 Pontianak dalam rangka Program Ramadhan 1440 H untuk santunan Yatim dan Dhuafa ', 36000000, 150, '2020-01-20 06:15:28', '2020-01-20 06:15:28'),
(219, 1, 9, 1, 1, '2019-05-16', 'debet', 'Penarikan Tunai ', 50000000, 0, '2020-01-20 06:15:28', '2020-01-20 06:15:28'),
(220, 1, 5, 5, 1, '2019-05-16', 'kredit', 'Bantuan guru ngaji berjumlah 28 orang bulan mei 2019 ', 19600000, 28, '2020-01-20 06:15:28', '2020-01-20 06:15:28'),
(221, 1, 2, 4, 1, '2019-05-16', 'kredit', 'Bantuan Ekonomi modal usahan berjumlah 3 orang bulan Mei 2019 ', 9000000, 3, '2020-01-20 06:15:28', '2020-01-20 06:15:28'),
(222, 1, 2, 6, 1, '2019-05-16', 'kredit', 'Santunan Yatim dan Dhuafa pada bulan Ramadhan 1440 di ULP Sintang ', 8000000, 40, '2020-01-20 06:15:28', '2020-01-20 06:15:28'),
(223, 1, 2, 2, 1, '2019-05-16', 'kredit', 'Bantuan Pendidikan santri RGI dan Programer bulan Mei 2019 ', 3610000, 10, '2020-01-20 06:15:28', '2020-01-20 06:15:28'),
(224, 1, 2, 6, 1, '2019-05-16', 'kredit', 'Bantuan Santunan Yatim Dhuafa di ULP Putusibau Ramadhan 1440 H ', 10000000, 50, '2020-01-20 06:15:28', '2020-01-20 06:15:28'),
(225, 1, 8, 7, 1, '2019-05-16', 'kredit', 'Biaya Bank Saat TRf Dana ke BRIS @400. 000.000 ', 36000, 0, '2020-01-20 06:15:28', '2020-01-20 06:15:28'),
(226, 1, 8, 7, 1, '2019-05-16', 'kredit', 'Stiker Indoor 50x10 sebanyak 5 lembar ', 100000, 0, '2020-01-20 06:15:28', '2020-01-20 06:15:28'),
(227, 1, 2, 6, 1, '2019-05-17', 'kredit', 'Santunan Yatim dan Dhuafa di Limbung jembatan kuning  pada bulan Ramadhan 1440 H ', 2000000, 10, '2020-01-20 06:15:28', '2020-01-20 06:15:28'),
(228, 1, 8, 7, 1, '2019-05-17', 'kredit', 'Pembuatan X bener dan spanduk 3 buah ', 270000, 0, '2020-01-20 06:15:28', '2020-01-20 06:15:28'),
(229, 1, 2, 6, 1, '2019-05-19', 'kredit', 'Santunan Yatim dan Dhuafa di Sungai Kupah pada bulan Ramadhan 1440 H ', 1000000, 5, '2020-01-20 06:15:28', '2020-01-20 06:15:28'),
(230, 1, 2, 6, 1, '2019-05-19', 'kredit', 'Bantuan kepada anak dan keluarga dhaufa serta buka bersama Pengurus YBM PLN UIW Kalbar ', 9800000, 0, '2020-01-20 06:15:28', '2020-01-20 06:15:28'),
(231, 1, 2, 3, 1, '2019-05-20', 'kredit', 'Bantuan kesehatan an. Supriadi yang akan di rujuk ke jakarta ', 3758400, 4, '2020-01-20 06:15:28', '2020-01-20 06:15:28'),
(232, 1, 2, 6, 1, '2019-05-20', 'kredit', 'Bantuan Sosial kepada Tahfidzul Qur\'an An Nur dalam sedekah akbar pada bulan Ramadhan 1440 H ', 5000000, 50, '2020-01-20 06:15:28', '2020-01-20 06:15:28'),
(233, 1, 8, 7, 1, '2019-05-22', 'kredit', 'Konsumsi Safari Ramadhan ke Sandai dan Ketapang ', 70000, 0, '2020-01-20 06:15:28', '2020-01-20 06:15:28'),
(234, 1, 7, 5, 1, '2019-05-23', 'kredit', 'Bantuan Santunan kepada Muallaf pedalaman di Kalbar oleh KPMP ', 3400000, 20, '2020-01-20 06:15:28', '2020-01-20 06:15:28'),
(235, 1, 8, 7, 1, '2019-05-23', 'kredit', 'Biaya Driver ke Sandai dan Ketapang dalam Safari ramadhan 1440 H ', 250000, 0, '2020-01-20 06:15:28', '2020-01-20 06:15:28'),
(236, 1, 8, 7, 1, '2019-05-23', 'kredit', 'Penginapan di Ketapang ketika mengikuti Safari Ramadhan 1440 H ', 400000, 0, '2020-01-20 06:15:28', '2020-01-20 06:15:28'),
(237, 1, 8, 7, 1, '2019-05-23', 'kredit', 'Perjalanan dinas Amil an. Umar ke Sandai dan  ketapang ', 240000, 0, '2020-01-20 06:15:28', '2020-01-20 06:15:28'),
(238, 1, 2, 5, 1, '2019-05-28', 'kredit', 'Bantuan Yatim dan Dhuafa pada bulan Ramadhan 1440 H di UP2D ', 9000000, 40, '2020-01-20 06:15:28', '2020-01-20 06:15:28'),
(239, 1, 2, 6, 1, '2019-05-29', 'kredit', 'Bantuan Sosial untuk santunan kepada dhuafa dan guru ngaji bulan Mei pada Ramadhan 1440 H ', 1400000, 8, '2020-01-20 06:15:28', '2020-01-20 06:15:28'),
(240, 2, 8, 7, 1, '2019-05-16', 'kredit', 'Biaya Adm ', 7500, 0, '2020-01-20 06:15:28', '2020-01-20 06:15:28'),
(241, 3, 9, 1, 1, '2019-05-06', 'kredit', 'Penarikan Tunai ', 100000000, 0, '2020-01-20 06:15:28', '2020-01-20 06:15:28'),
(242, 3, 5, 5, 1, '2019-05-08', 'kredit', 'Bantuan dakwah insentif dai pedalaman berjumlah 26 dai bulan Mei 2019', 36530000, 31, '2020-01-20 06:15:28', '2020-01-20 06:15:28'),
(243, 3, 5, 5, 1, '2019-05-08', 'kredit', 'Bantuan dakwah insentif Guru Ngaji pedalaman berjumlah 3 dai bulan Mei 2019', 2815000, 3, '2020-01-20 06:15:28', '2020-01-20 06:15:28'),
(244, 3, 9, 1, 1, '2019-05-08', 'kredit', 'Tarik Tunai (kembalian di karenakan Sama Bank ) ', 5000, 0, '2020-01-20 06:15:28', '2020-01-20 06:15:28'),
(245, 3, 9, 1, 1, '2019-05-13', 'kredit', 'Penarikan Tunai ', 100000000, 0, '2020-01-20 06:15:28', '2020-01-20 06:15:28'),
(246, 3, 2, 6, 1, '2019-05-14', 'kredit', 'Bantuan dana dari YBM PLN UIW ke UP3 Ketapang dalam rangka Program Ramadhan 1440 H untuk santunan Yatim dan Dhuafa ', 32000000, 200, '2020-01-20 06:15:28', '2020-01-20 06:15:28'),
(247, 3, 2, 6, 1, '2019-05-14', 'kredit', 'Bantuan dana dari YBM PLN UIW ke UP3Sanggau dalam rangka Program Ramadhan 1440 H untuk santunan Yatim dan Dhuafa ', 32000000, 200, '2020-01-20 06:15:28', '2020-01-20 06:15:28'),
(248, 3, 2, 6, 1, '2019-05-14', 'kredit', 'Bantuan dana dari YBM PLN UIW ke UP3Singkawang  dalam rangka Program Ramadhan 1440 H untuk santunan Yatim dan Dhuafa ', 44000000, 200, '2020-01-20 06:15:28', '2020-01-20 06:15:28'),
(249, 3, 9, 1, 1, '2019-05-14', 'kredit', 'Penarikan Tunai ', 20000000, 0, '2020-01-20 06:15:28', '2020-01-20 06:15:28'),
(250, 3, 3, 3, 1, '2019-05-15', 'kredit', 'Bantuan kesehatan persalinan  an.Lia Amelia', 2500000, 1, '2020-01-20 06:15:28', '2020-01-20 06:15:28'),
(251, 3, 8, 7, 1, '2019-05-15', 'kredit', 'Biaya pemindah bukuan ', 6500, 0, '2020-01-20 06:15:28', '2020-01-20 06:15:28'),
(252, 3, 2, 6, 1, '2019-05-15', 'kredit', 'Bantuan santunan yatim dan Dhuafa yang di serahkan ke PLN Muda pada Program Ramadhan 1440 H ', 40000000, 200, '2020-01-20 06:15:28', '2020-01-20 06:15:28'),
(253, 3, 9, 1, 1, '2019-05-16', 'kredit', 'Penarikan Tunai ', 50000000, 0, '2020-01-20 06:15:28', '2020-01-20 06:15:28'),
(254, 3, 10, 1, 1, '2019-05-16', 'kredit', 'SKN Keluar dari BSM ke BRIS (Dana Dai pedalaman /Titipan )', 400000000, 0, '2020-01-20 06:15:28', '2020-01-20 06:15:28'),
(255, 3, 14, 1, 1, '2019-05-16', 'debet', 'Droping dana dari Pusat ', 83427581, 0, '2020-01-20 06:15:28', '2020-01-20 06:15:28'),
(256, 3, 2, 6, 1, '2019-05-21', 'kredit', 'Bantuan kepada Purnakarya pada Ramadhan 1440 H oleh UP 3 Pontianak ', 4500000, 10, '2020-01-20 06:15:28', '2020-01-20 06:15:28'),
(257, 3, 8, 7, 1, '2019-05-21', 'kredit', 'Biaya pemindah bukuan ', 6500, 0, '2020-01-20 06:15:28', '2020-01-20 06:15:28'),
(258, 3, 7, 6, 1, '2019-05-23', 'kredit', 'Bantuan Muallaf pada Kegiatan Ramdahan 1440 H ', 1800000, 10, '2020-01-20 06:15:28', '2020-01-20 06:15:28'),
(259, 3, 2, 6, 1, '2019-05-23', 'kredit', 'Bantuan Sosial kepada SMP Islam Tazkiyah bantuan kegiatan Pesantren pada bulan Ramadhan 1440 H ', 2000000, 20, '2020-01-20 06:15:28', '2020-01-20 06:15:28'),
(260, 3, 5, 5, 1, '2019-05-23', 'kredit', 'Bantuan Fisabilillah kepada KPMP dalam Kegiatan Safari Ramadhan 1440 H ke Pedalaman Kalbar ', 500000, 5, '2020-01-20 06:15:28', '2020-01-20 06:15:28'),
(261, 3, 8, 7, 1, '2019-05-23', 'kredit', 'Biaya pemindah bukuan ', 6500, 0, '2020-01-20 06:15:28', '2020-01-20 06:15:28'),
(262, 3, 2, 6, 1, '2019-05-24', 'kredit', 'Bantuan Sosial kepada Nasyiatul Aisyiah pada bulan Ramadhan 1440 untuk kegiatan Pesantren ', 5000000, 30, '2020-01-20 06:15:28', '2020-01-20 06:15:28'),
(263, 3, 8, 7, 1, '2019-05-24', 'kredit', 'Biaya pemindah bukuan ', 6500, 0, '2020-01-20 06:15:28', '2020-01-20 06:15:28'),
(264, 3, 8, 7, 1, '2019-05-27', 'kredit', 'Biaya pemindah bukuan ', 6500, 0, '2020-01-20 06:15:28', '2020-01-20 06:15:28'),
(265, 3, 2, 2, 1, '2019-05-27', 'kredit', 'Pembayaran SBS (selama Pelatihan Bahasa Inggris) ', 9000000, 20, '2020-01-20 06:15:28', '2020-01-20 06:15:28'),
(266, 3, 5, 5, 1, '2019-05-28', 'kredit', 'Bantuan dakwah untuk insentif dai pedalaman berjumlah 26 orang untuk bulan juni 2019 ', 36530000, 31, '2020-01-20 06:15:28', '2020-01-20 06:15:28'),
(267, 3, 5, 5, 1, '2019-05-28', 'kredit', 'Bantuan dakwah untuk Guru ngaji pedalaman berjumlah 3 orang untuk bulan juni 2019 ', 2115000, 3, '2020-01-20 06:15:28', '2020-01-20 06:15:28'),
(268, 3, 8, 7, 1, '2019-05-28', 'kredit', 'Biaya pemindah bukuan ', 6500, 0, '2020-01-20 06:15:28', '2020-01-20 06:15:28'),
(269, 3, 8, 7, 1, '2019-05-28', 'kredit', 'Biaya pemindah bukuan ', 6500, 0, '2020-01-20 06:15:28', '2020-01-20 06:15:28'),
(270, 3, 11, 1, 1, '2019-05-31', 'debet', 'Bagi Hasil Atau Bonus ', 148251, 0, '2020-01-20 06:15:28', '2020-01-20 06:15:28'),
(271, 3, 8, 7, 1, '2019-05-31', 'kredit', 'Biaya adm ', 25000, 0, '2020-01-20 06:15:28', '2020-01-20 06:15:28'),
(272, 3, 8, 7, 1, '2019-05-31', 'kredit', 'Biaya materai ', 6000, 0, '2020-01-20 06:15:28', '2020-01-20 06:15:28'),
(273, 4, 8, 7, 1, '2019-05-27', 'kredit', 'Gaji dan THR Amil an. M. Umar ', 4823000, 3, '2020-01-20 06:15:28', '2020-01-20 06:15:28'),
(274, 4, 8, 7, 1, '2019-05-27', 'kredit', 'Gaji dan THR Amil an. Condro ', 4823000, 0, '2020-01-20 06:15:28', '2020-01-20 06:15:28'),
(275, 4, 8, 7, 1, '2019-05-27', 'kredit', 'Biaya Pemindah bukuan ', 6500, 0, '2020-01-20 06:15:28', '2020-01-20 06:15:28'),
(276, 4, 8, 7, 1, '2019-05-27', 'kredit', 'Biaya Adm BSM CMS Apr 2019 ', 100000, 0, '2020-01-20 06:15:28', '2020-01-20 06:15:28'),
(277, 4, 11, 1, 1, '2019-05-31', 'debet', 'Bagi hasil atau Bonus ', 31771, 0, '2020-01-20 06:15:28', '2020-01-20 06:15:28'),
(278, 4, 8, 7, 1, '2019-05-31', 'kredit', 'Biaya Adm ', 25000, 0, '2020-01-20 06:15:28', '2020-01-20 06:15:28'),
(279, 4, 8, 7, 1, '2019-05-31', 'kredit', 'Biaya Materai ', 6000, 0, '2020-01-20 06:15:28', '2020-01-20 06:15:28'),
(280, 5, 11, 1, 1, '2019-05-31', 'debet', 'Bagi hasil atau Bonus ', 589, 0, '2020-01-20 06:15:28', '2020-01-20 06:15:28'),
(281, 5, 8, 7, 1, '2019-05-31', 'kredit', 'Biaya Adm ', 25000, 0, '2020-01-20 06:15:28', '2020-01-20 06:15:28'),
(282, 5, 8, 7, 1, '2019-05-31', 'kredit', 'Biaya Materai ', 6000, 0, '2020-01-20 06:15:28', '2020-01-20 06:15:28'),
(283, 6, 10, 1, 1, '2019-05-16', 'debet', 'Pemindah bukuan dari BSM ke BRIS ', 400000000, 0, '2020-01-20 06:15:28', '2020-01-20 06:15:28'),
(284, 1, 3, 6, 1, '2019-06-01', 'kredit', 'Bantuan Sosial untuk pelunasan Hutang an. Alm. Hermansyah selama sakit kepada keluarga dan tetangga ', 4500000, 1, '2020-01-20 06:15:28', '2020-01-20 06:15:28'),
(285, 1, 8, 7, 1, '2019-06-10', 'kredit', 'Pembayaran Internet YBM PLN UIW Kalbar bulan juni 2019 ', 490741, 0, '2020-01-20 06:15:28', '2020-01-20 06:15:28'),
(286, 1, 8, 7, 1, '2019-06-10', 'kredit', 'Pengisian Listrik YBM PLN UIW Kalbar bulan Juni 2019 ', 502500, 0, '2020-01-20 06:15:28', '2020-01-20 06:15:28'),
(287, 1, 2, 3, 1, '2019-06-12', 'kredit', 'Pelunasan Biaya rumah sakit an. Hanan', 5000000, 1, '2020-01-20 06:15:28', '2020-01-20 06:15:28'),
(288, 1, 8, 7, 1, '2019-06-13', 'kredit', 'Biaya dalam menyalurkan bantuan banjir ke desa Mungguk Kec. Ngabang Kab Landak ', 2257726, 0, '2020-01-20 06:15:28', '2020-01-20 06:15:28'),
(289, 1, 8, 7, 1, '2019-06-13', 'kredit', 'Pembuatan X bener dan spanduk dua buah ', 310000, 0, '2020-01-20 06:15:28', '2020-01-20 06:15:28'),
(290, 1, 8, 7, 1, '2019-06-14', 'kredit', 'Perjalanan Dinas Amil an. Umar ke Landak dalam Menyalurkan bantuan Banjir ke desa Mungguk ', 160000, 0, '2020-01-20 06:15:28', '2020-01-20 06:15:28'),
(291, 1, 8, 7, 1, '2019-06-14', 'kredit', 'Perjalanan Dinas Amil an. Condro ke Landak dalam Menyalurkan bantuan Banjir ke desa Mungguk dan survey ke Balaikarangan ', 2456200, 0, '2020-01-20 06:15:28', '2020-01-20 06:15:28'),
(292, 1, 2, 2, 1, '2019-06-14', 'kredit', 'Bantuan Tiket pesawat untuk santri RGIdan sekolah programer,petik dan STT Nurul Fikri Jakarta-Pontianak ', 37064953, 18, '2020-01-20 06:15:28', '2020-01-20 06:15:28'),
(293, 1, 8, 7, 1, '2019-06-19', 'kredit', 'BPJS an. Amil Condro ', 155500, 4, '2020-01-20 06:15:28', '2020-01-20 06:15:28'),
(294, 1, 5, 5, 1, '2019-06-19', 'kredit', 'Bantuan Guru Ngaji berjumlah 27 orang bulan juni 2019 ', 18900000, 27, '2020-01-20 06:15:28', '2020-01-20 06:15:28'),
(295, 1, 1, 1, 1, '2019-06-20', 'debet', 'Setoran Tunai ', 530000, 0, '2020-01-20 06:15:28', '2020-01-20 06:15:28'),
(296, 1, 2, 2, 1, '2019-06-20', 'kredit', 'Biaya Transportasi ,akomadasi dan konsumsi Santri RGI bulan Juni 2019 ', 2199700, 10, '2020-01-20 06:15:28', '2020-01-20 06:15:28'),
(297, 1, 2, 2, 1, '2019-06-24', 'kredit', 'Bantuan pendidikan uang saku RGI angkatan 21 bulan Juni berjumlah 9 orang ', 2700000, 10, '2020-01-20 06:15:28', '2020-01-20 06:15:28'),
(298, 1, 2, 2, 1, '2019-06-26', 'kredit', 'Bantuan Pendidikan Uang masuk Ponpes Tahfidzul Qur\'an Labbaik kepada Filya ', 3000000, 1, '2020-01-20 06:15:28', '2020-01-20 06:15:28'),
(299, 1, 7, 3, 1, '2019-06-26', 'kredit', 'BPJS an. Atok ', 79000, 2, '2020-01-20 06:15:28', '2020-01-20 06:15:28'),
(300, 1, 8, 7, 1, '2019-06-26', 'kredit', 'BPJS an. Amil Umar ', 104500, 2, '2020-01-20 06:15:28', '2020-01-20 06:15:28'),
(301, 1, 8, 7, 1, '2019-06-26', 'kredit', 'Pengisian Listrik YBM PLN UIW Kalbar bulan Juni 2019 ', 505000, 0, '2020-01-20 06:15:28', '2020-01-20 06:15:28'),
(302, 1, 2, 2, 1, '2019-06-28', 'kredit', 'Biaya Transportasi RGI dan Sekolah Programer ke Bandara soetta ', 1800000, 16, '2020-01-20 06:15:28', '2020-01-20 06:15:28'),
(303, 1, 2, 2, 1, '2019-06-28', 'kredit', 'Biaya Transportasi Lokal Santri sekolah Programer dan Petik Kalbar ', 1500000, 5, '2020-01-20 06:15:28', '2020-01-20 06:15:28'),
(304, 1, 2, 2, 1, '2019-06-28', 'kredit', 'Biaya Transportasi lokal RGI angkatan 21 bulan berjumlah 4 orang ', 600000, 4, '2020-01-20 06:15:28', '2020-01-20 06:15:28'),
(305, 1, 8, 7, 1, '2019-06-28', 'kredit', 'Perjalanan Dinas Amil an. Condro ke Depok dalam mengantar santri RGI Angkatan 21 ', 1000000, 0, '2020-01-20 06:15:28', '2020-01-20 06:15:28'),
(306, 1, 2, 6, 1, '2019-06-28', 'kredit', 'Bantuan Sosial Bedah rumah dhuafa an. Hamid Yani pada bulan Juni 2019 ', 10000000, 1, '2020-01-20 06:15:28', '2020-01-20 06:15:28'),
(307, 2, 8, 7, 1, '2019-06-30', 'kredit', 'Biaya Adm ', 7500, 0, '2020-01-20 06:15:28', '2020-01-20 06:15:28'),
(308, 3, 2, 6, 1, '2019-06-12', 'kredit', 'Bantuan Sembako Kepada Dhuafa bulan Februari , Maret, dan April 2019', 54900000, 180, '2020-01-20 06:15:28', '2020-01-20 06:15:28'),
(309, 3, 8, 7, 1, '2019-06-12', 'kredit', 'Biaya Pemidah bukuan ', 6500, 0, '2020-01-20 06:15:28', '2020-01-20 06:15:28'),
(310, 3, 8, 7, 1, '2019-06-12', 'kredit', 'Biaya Pemidah bukuan ', 6500, 0, '2020-01-20 06:15:28', '2020-01-20 06:15:28'),
(311, 3, 8, 7, 1, '2019-06-12', 'kredit', 'Biaya Pemidah bukuan ', 6500, 0, '2020-01-20 06:15:28', '2020-01-20 06:15:28'),
(312, 3, 14, 1, 1, '2019-06-14', 'debet', 'Droping pusat untuk bantuan Banjir di Landak ', 208281480, 0, '2020-01-20 06:15:28', '2020-01-20 06:15:28'),
(313, 3, 2, 6, 1, '2019-06-18', 'kredit', 'Bantuan Sembako Korban banjir di desa Munggok Kec. Ngabang Kab Landak bulan Juni 2019 ', 199200870, 340, '2020-01-20 06:15:28', '2020-01-20 06:15:28'),
(314, 3, 8, 7, 1, '2019-06-18', 'kredit', 'Biaya Pemidah bukuan ', 6500, 0, '2020-01-20 06:15:28', '2020-01-20 06:15:28'),
(315, 3, 8, 7, 1, '2019-06-18', 'kredit', 'Biaya Pemidah bukuan ', 6500, 0, '2020-01-20 06:15:28', '2020-01-20 06:15:28'),
(316, 3, 8, 7, 1, '2019-06-18', 'kredit', 'Biaya Pemidah bukuan ', 6500, 0, '2020-01-20 06:15:28', '2020-01-20 06:15:28'),
(317, 3, 6, 7, 1, '2019-06-18', 'kredit', 'Biaya Pemidah bukuan ', 6500, 0, '2020-01-20 06:15:28', '2020-01-20 06:15:28'),
(318, 3, 8, 6, 1, '2019-06-19', 'kredit', 'Biaya Pemidah bukuan ', 6500, 0, '2020-01-20 06:15:28', '2020-01-20 06:15:28'),
(319, 3, 8, 7, 1, '2019-06-19', 'kredit', 'Biaya Pemidah bukuan ', 6500, 0, '2020-01-20 06:15:28', '2020-01-20 06:15:28'),
(320, 3, 8, 7, 1, '2019-06-19', 'kredit', 'Biaya Pemidah bukuan ', 6500, 0, '2020-01-20 06:15:28', '2020-01-20 06:15:28'),
(321, 3, 8, 7, 1, '2019-06-19', 'kredit', 'Biaya Pemidah bukuan ', 6500, 0, '2020-01-20 06:15:28', '2020-01-20 06:15:28'),
(322, 3, 10, 1, 1, '2019-06-20', 'debet', 'Dana dari Rek. Operasional (penggantian dana zakat) ', 80698430, 0, '2020-01-20 06:15:28', '2020-01-20 06:15:28'),
(323, 3, 2, 2, 1, '2019-06-20', 'kredit', 'Tiket Pesawat Santri RGI Sebanyak 9 orang ', 12695800, 9, '2020-01-20 06:15:28', '2020-01-20 06:15:28'),
(324, 3, 8, 7, 1, '2019-06-20', 'kredit', 'Tiket Pesawat Amil. An Condro ke Jakarta-Depok mengantar santri RGI ', 3002400, 0, '2020-01-20 06:15:28', '2020-01-20 06:15:28'),
(325, 3, 10, 1, 1, '2019-06-20', 'kredit', 'Setoran Tunai ', 530000, 0, '2020-01-20 06:15:28', '2020-01-20 06:15:28'),
(326, 3, 10, 1, 1, '2019-06-21', 'kredit', 'Pinjaman dana ke YBM PLN UIP untuk tiket Pesawat Santri RGI ', 10000000, 0, '2020-01-20 06:15:28', '2020-01-20 06:15:28'),
(327, 3, 14, 1, 1, '2019-06-26', 'debet', 'Droping dana dari Pusat ', 251311905, 0, '2020-01-20 06:15:28', '2020-01-20 06:15:28'),
(328, 3, 5, 5, 1, '2019-06-26', 'kredit', 'Bantuan Fisabilillah Kepada Amil dalam Melayat Mertua di jawa Tengah ', 5000000, 4, '2020-01-20 06:15:29', '2020-01-20 06:15:29'),
(329, 3, 10, 1, 1, '2019-06-27', 'debet', 'Pengambalian Dana dari YBM PLN UIP ', 10000000, 0, '2020-01-20 06:15:29', '2020-01-20 06:15:29'),
(330, 3, 11, 1, 1, '2019-06-30', 'debet', 'Bagi hasil atau bonus ', 37457, 0, '2020-01-20 06:15:29', '2020-01-20 06:15:29');
INSERT INTO `pembukuans` (`id`, `kategori_pembukuan_id`, `kategori_ashnaf_id`, `kategori_program_id`, `user_id`, `tanggal`, `tipe`, `uraian`, `nominal`, `penerima_manfaat`, `created_at`, `updated_at`) VALUES
(331, 3, 8, 7, 1, '2019-06-30', 'kredit', 'Biaya adm.', 25000, 0, '2020-01-20 06:15:29', '2020-01-20 06:15:29'),
(332, 3, 8, 7, 1, '2019-06-30', 'kredit', 'Biaya Materai ', 6000, 0, '2020-01-20 06:15:29', '2020-01-20 06:15:29'),
(333, 4, 10, 1, 1, '2019-06-20', 'kredit', 'Penggantian dana Zakat ', 80698430, 0, '2020-01-20 06:15:29', '2020-01-20 06:15:29'),
(334, 4, 8, 7, 1, '2019-06-26', 'kredit', 'Insentif Amil YBM PLN UIW KALBAR Bulan Juni 2019 berjumlah dua orang ', 5229500, 2, '2020-01-20 06:15:29', '2020-01-20 06:15:29'),
(335, 4, 8, 7, 1, '2019-06-27', 'kredit', 'Biaya Permintaan Cek zakat ', 100000, 0, '2020-01-20 06:15:29', '2020-01-20 06:15:29'),
(336, 4, 11, 1, 1, '2019-06-30', 'debet', 'Baigi hasil atau Bonus ', 19893, 0, '2020-01-20 06:15:29', '2020-01-20 06:15:29'),
(337, 4, 8, 7, 1, '2019-06-30', 'kredit', 'Biaya Adm.', 25000, 0, '2020-01-20 06:15:29', '2020-01-20 06:15:29'),
(338, 4, 8, 7, 1, '2019-06-30', 'kredit', 'Biaya Materai ', 6000, 0, '2020-01-20 06:15:29', '2020-01-20 06:15:29'),
(339, 5, 11, 1, 1, '2019-06-30', 'debet', 'Bagi hasil Atau Bonus ', 577, 0, '2020-01-20 06:15:29', '2020-01-20 06:15:29'),
(340, 5, 8, 7, 1, '2019-06-30', 'kredit', 'Biaya Adm ', 25000, 0, '2020-01-20 06:15:29', '2020-01-20 06:15:29'),
(341, 5, 8, 7, 1, '2019-06-30', 'kredit', 'Biaya materai ', 6000, 0, '2020-01-20 06:15:29', '2020-01-20 06:15:29'),
(342, 6, 11, 1, 1, '2019-06-08', 'debet', 'Pemindah bukuan dari BSM ke BRIS ', 41095, 0, '2020-01-20 06:15:29', '2020-01-20 06:15:29'),
(343, 6, 8, 7, 1, '2019-06-08', 'kredit', 'Pajak', 8219, 0, '2020-01-20 06:15:29', '2020-01-20 06:15:29'),
(344, 6, 8, 7, 1, '2019-06-30', 'kredit', 'Biaya Administrasi', 7500, 0, '2020-01-20 06:15:29', '2020-01-20 06:15:29'),
(345, 1, 9, 1, 1, '2019-07-02', 'debet', 'Penarikan Tunai ', 100000000, 0, '2020-01-20 06:15:29', '2020-01-20 06:15:29'),
(346, 1, 8, 7, 1, '2019-07-03', 'kredit', 'Instal Ulang laptop Asusu X4441U', 70000, 0, '2020-01-20 06:15:29', '2020-01-20 06:15:29'),
(347, 1, 8, 7, 1, '2019-07-03', 'kredit', 'BPJS Amil an. Condro bulan  Juli 2019 ', 155500, 0, '2020-01-20 06:15:29', '2020-01-20 06:15:29'),
(348, 1, 7, 3, 1, '2019-07-03', 'kredit', 'BPJS an, Atok (Muallaf) ', 79000, 1, '2020-01-20 06:15:29', '2020-01-20 06:15:29'),
(349, 1, 8, 7, 1, '2019-07-03', 'kredit', 'BPJS Amil an. Umar ', 104500, 0, '2020-01-20 06:15:29', '2020-01-20 06:15:29'),
(350, 1, 8, 7, 1, '2019-07-03', 'kredit', 'Pembayaran Internet YBM PLN bulan Juli 2019 ', 450624, 0, '2020-01-20 06:15:29', '2020-01-20 06:15:29'),
(351, 1, 8, 7, 1, '2019-07-05', 'kredit', 'Pembuatan X bener berjumlah 1 buah ', 120000, 0, '2020-01-20 06:15:29', '2020-01-20 06:15:29'),
(352, 1, 8, 7, 1, '2019-07-07', 'kredit', 'Biaya Bensin ketika Pergi acara bedah panti Ar Ridho ', 100000, 0, '2020-01-20 06:15:29', '2020-01-20 06:15:29'),
(353, 1, 2, 6, 1, '2019-07-08', 'kredit', 'Bantuan sosial Bedah rumah Asep di sambas Purnawirawan PLN ', 10000000, 1, '2020-01-20 06:15:29', '2020-01-20 06:15:29'),
(354, 1, 2, 4, 1, '2019-07-08', 'kredit', 'Bantuan Modal Usaha untuk Surahman bulan Juli 2019  ', 3000000, 1, '2020-01-20 06:15:29', '2020-01-20 06:15:29'),
(355, 1, 5, 5, 1, '2019-07-09', 'kredit', 'Rincian Biaya survey calon santri ,programer ,Petik dan RGI serta Monitoring dai Pedalaman di sambas ', 787000, 1, '2020-01-20 06:15:29', '2020-01-20 06:15:29'),
(356, 1, 8, 7, 1, '2019-07-09', 'kredit', 'Perjalanan dinas Amil an. Condro survey calon santri ,programer ,Petik dan RGI serta Monitoring dai Pedalaman ', 1790000, 0, '2020-01-20 06:15:29', '2020-01-20 06:15:29'),
(357, 1, 2, 2, 1, '2019-07-09', 'kredit', 'Bantuan Pendidikan RGI Berjumlah 9 orang bulan juli 2019 ', 2706500, 9, '2020-01-20 06:15:29', '2020-01-20 06:15:29'),
(358, 1, 5, 5, 1, '2019-07-11', 'kredit', 'Biaya Seleksi PeTIK Gelombang kedua di UIW Kalbar ', 774000, 8, '2020-01-20 06:15:29', '2020-01-20 06:15:29'),
(359, 1, 2, 2, 1, '2019-07-16', 'kredit', 'Bantuan Pendidikan masuk Ponpes Al Qur\'an Nurul Muhsinin SMP IT th 2019/2020', 950000, 1, '2020-01-20 06:15:29', '2020-01-20 06:15:29'),
(360, 1, 2, 3, 1, '2019-07-16', 'kredit', 'Bantuan kesehatan Bola Mata palsu untuk ananda Bintang ', 3500000, 1, '2020-01-20 06:15:29', '2020-01-20 06:15:29'),
(361, 1, 5, 5, 1, '2019-07-17', 'kredit', 'Bantuan Guru ngaji berjumlah 23 orang bulan Juli 2019 ', 16100000, 23, '2020-01-20 06:15:29', '2020-01-20 06:15:29'),
(362, 1, 8, 7, 1, '2019-07-17', 'kredit', 'Biaya Survey ke Teluk Pakedai ', 83000, 0, '2020-01-20 06:15:29', '2020-01-20 06:15:29'),
(363, 1, 2, 4, 1, '2019-07-17', 'kredit', 'Bantuan Ekonomi an. Marwiyah bulan Juli 2019 ', 3000000, 1, '2020-01-20 06:15:29', '2020-01-20 06:15:29'),
(364, 1, 2, 6, 1, '2019-07-17', 'kredit', 'Bantuan sosial Bedah rumah Fatimah di Samalantan Kab. Bengkayang ', 3000000, 1, '2020-01-20 06:15:29', '2020-01-20 06:15:29'),
(365, 1, 2, 3, 1, '2019-07-26', 'kredit', 'Bantuan Kesehatan kepada ananda Bayu untuk perawatan selama di Jakarta ', 1500000, 1, '2020-01-20 06:15:29', '2020-01-20 06:15:29'),
(366, 1, 5, 5, 1, '2019-07-26', 'kredit', 'Bantuan Tiket kepada ananda Bayu untuk berobat ke Jakarta bersama orang tua dan pedamping ', 3458400, 3, '2020-01-20 06:15:29', '2020-01-20 06:15:29'),
(367, 1, 2, 3, 1, '2019-07-27', 'kredit', 'Bantuan Kesehatan Pelunasan BPJS dan Biaya Rumah sakit an. Citra amelia ', 5000000, 1, '2020-01-20 06:15:29', '2020-01-20 06:15:29'),
(368, 1, 2, 2, 1, '2019-07-30', 'kredit', 'Bantuan tiket untuk Santri Programer ke jakarta an. Erwin ', 1400200, 1, '2020-01-20 06:15:29', '2020-01-20 06:15:29'),
(369, 1, 2, 2, 1, '2019-07-31', 'kredit', 'Biaya Tiket Santri Petik an. M Ali Akbar ke Jakarta ', 1323200, 1, '2020-01-20 06:15:29', '2020-01-20 06:15:29'),
(370, 1, 5, 5, 1, '2019-07-31', 'kredit', 'Biaya kegiatan Training Pemantapan Da\'I Baznas ', 3400000, 20, '2020-01-20 06:15:29', '2020-01-20 06:15:29'),
(371, 3, 9, 1, 1, '2019-07-06', 'kredit', 'Penarikan Tunai ', 100000000, 0, '2020-01-20 06:15:29', '2020-01-20 06:15:29'),
(372, 3, 2, 6, 1, '2019-07-02', 'kredit', 'Bantuan Sembako kepada dhuafa  bulan Februari s/d Juni  2019 ', 93860000, 100, '2020-01-20 06:15:29', '2020-01-20 06:15:29'),
(373, 3, 8, 7, 1, '2019-07-02', 'kredit', 'Biaya Adm', 100000, 0, '2020-01-20 06:15:29', '2020-01-20 06:15:29'),
(374, 3, 2, 6, 1, '2019-07-03', 'kredit', 'Bantuan sosial bedah Panti Asuhan Ar Ridho ', 3500000, 20, '2020-01-20 06:15:29', '2020-01-20 06:15:29'),
(375, 3, 8, 7, 1, '2019-07-03', 'kredit', 'Biaya Pemindah BUKU ', 6500, 0, '2020-01-20 06:15:29', '2020-01-20 06:15:29'),
(376, 3, 5, 5, 1, '2019-07-05', 'kredit', 'Insentif Guru ngaji di peddalaman Kalbar berjumlah 3 orang bulan juli 2019 ', 2108000, 3, '2020-01-20 06:15:29', '2020-01-20 06:15:29'),
(377, 3, 5, 5, 1, '2019-07-05', 'kredit', 'Insentif Da\'i pedalaman Kalbar berjumlah 31 orang bulan juli 2019 ', 43429000, 30, '2020-01-20 06:15:29', '2020-01-20 06:15:29'),
(378, 3, 14, 1, 1, '2019-07-11', 'debet', 'Droping dana dari Pusat ', 173324193, 0, '2020-01-20 06:15:29', '2020-01-20 06:15:29'),
(379, 3, 2, 6, 1, '2019-07-22', 'kredit', 'Bantuan Sembako kepada UP3 Ketapang bulan Juni,Juli dan agustus 2019 ', 3600000, 6, '2020-01-20 06:15:29', '2020-01-20 06:15:29'),
(380, 3, 2, 3, 1, '2019-07-22', 'kredit', 'Bantuan Kesehatan ananda Bintang dalam perawatan di RSCM Jakarta ', 5000000, 3, '2020-01-20 06:15:29', '2020-01-20 06:15:29'),
(381, 3, 10, 1, 1, '2019-07-26', 'kredit', 'Pemindahan dana dari Rek. ZAKAT', 17332419, 0, '2020-01-20 06:15:29', '2020-01-20 06:15:29'),
(382, 3, 2, 6, 1, '2019-07-22', 'kredit', 'Bantuan Sembako kepada dhuafa berjumlah 51 paket bulan Juli 2019 ', 15300000, 51, '2020-01-20 06:15:29', '2020-01-20 06:15:29'),
(383, 3, 8, 7, 1, '2019-07-22', 'kredit', 'Biaya Pemindah BUKU ', 6500, 0, '2020-01-20 06:15:29', '2020-01-20 06:15:29'),
(384, 3, 11, 1, 1, '2019-07-31', 'debet', 'Bagi hasil atau bonus ', 65316, 0, '2020-01-20 06:15:29', '2020-01-20 06:15:29'),
(385, 3, 8, 7, 1, '2019-07-31', 'kredit', 'Biaya Adm.', 25000, 0, '2020-01-20 06:15:29', '2020-01-20 06:15:29'),
(386, 3, 8, 7, 1, '2019-07-31', 'kredit', 'Biaya Materai ', 6000, 0, '2020-01-20 06:15:29', '2020-01-20 06:15:29'),
(387, 4, 10, 1, 1, '2019-07-26', 'debet', 'Pindah Buku dana Operasional ke Rek. Zakat ', 17332419, 0, '2020-01-20 06:15:29', '2020-01-20 06:15:29'),
(388, 4, 8, 7, 1, '2019-07-26', 'kredit', 'Insentif Amil YBM PLN UIW KALBAR berjumlah 2 orang untuk bulan Juli 2019 ', 5223000, 2, '2020-01-20 06:15:29', '2020-01-20 06:15:29'),
(389, 4, 8, 7, 1, '2019-07-26', 'kredit', 'Biaya Pemindah Buku', 6500, 0, '2020-01-20 06:15:29', '2020-01-20 06:15:29'),
(390, 4, 8, 7, 1, '2019-07-30', 'kredit', 'Pembuatan Rompi YBM PLN UIW KALBAR tahun 2019 ', 770000, 0, '2020-01-20 06:15:29', '2020-01-20 06:15:29'),
(391, 4, 8, 7, 1, '2019-07-30', 'kredit', 'Biaya Permintaan Buku Cek ', 100000, 0, '2020-01-20 06:15:29', '2020-01-20 06:15:29'),
(392, 4, 11, 1, 1, '2019-07-31', 'debet', 'Bagi Hasil atau Bonus ', 1393, 0, '2020-01-20 06:15:29', '2020-01-20 06:15:29'),
(393, 4, 8, 7, 1, '2019-07-31', 'kredit', 'Biaya Adm.', 25000, 0, '2020-01-20 06:15:29', '2020-01-20 06:15:29'),
(394, 4, 8, 7, 1, '2019-07-31', 'kredit', 'Biaya materai ', 6000, 0, '2020-01-20 06:15:29', '2020-01-20 06:15:29'),
(395, 5, 11, 1, 1, '2019-07-31', 'debet', 'Bagi hasil atau Bonus ', 561, 0, '2020-01-20 06:15:29', '2020-01-20 06:15:29'),
(396, 5, 8, 7, 1, '2019-07-31', 'kredit', 'Biaya Adm.', 25000, 0, '2020-01-20 06:15:29', '2020-01-20 06:15:29'),
(397, 5, 8, 7, 1, '2019-07-31', 'kredit', 'Biaya materai ', 6000, 0, '2020-01-20 06:15:29', '2020-01-20 06:15:29'),
(398, 6, 11, 1, 1, '2019-07-06', 'debet', 'Bagi hasil atau Bonus ', 82196, 0, '2020-01-20 06:15:29', '2020-01-20 06:15:29'),
(399, 6, 8, 7, 1, '2019-07-06', 'kredit', 'Pajak ', 16439, 0, '2020-01-20 06:15:29', '2020-01-20 06:15:29'),
(400, 6, 8, 7, 1, '2019-07-31', 'kredit', 'Biaya Adm ', 7500, 0, '2020-01-20 06:15:29', '2020-01-20 06:15:29'),
(401, 1, 8, 7, 1, '2019-08-01', 'kredit', 'BPJS Amil. An Condro  ', 155500, 4, '2020-01-20 06:15:29', '2020-01-20 06:15:29'),
(402, 1, 8, 7, 1, '2019-08-01', 'kredit', 'BPJS Amil. An Umar ', 104500, 2, '2020-01-20 06:15:29', '2020-01-20 06:15:29'),
(403, 1, 7, 3, 1, '2019-08-01', 'kredit', 'BPJS Atok. Muallaf ', 79000, 2, '2020-01-20 06:15:29', '2020-01-20 06:15:29'),
(404, 1, 8, 7, 1, '2019-08-02', 'kredit', 'Pembelian Voucher listrik YBM PLN UIW KALBAR Bulan Agustus 2019 ', 505000, 0, '2020-01-20 06:15:29', '2020-01-20 06:15:29'),
(405, 1, 9, 1, 1, '2019-08-05', 'debet', 'Penarikan Tunai', 100000000, 0, '2020-01-20 06:15:29', '2020-01-20 06:15:29'),
(406, 1, 8, 7, 1, '2019-08-05', 'kredit', 'Pembayaran internet YBM PLN UIW KALBAR Bulan Agustus 2019 ', 473500, 0, '2020-01-20 06:15:29', '2020-01-20 06:15:29'),
(407, 1, 2, 4, 1, '2019-08-08', 'kredit', 'Bantuan Modal Usaha berjumlah 2 orang untuk Dhuafa ', 6000000, 2, '2020-01-20 06:15:29', '2020-01-20 06:15:29'),
(408, 1, 5, 5, 1, '2019-08-08', 'kredit', 'Bantuan Dakwah kepada Guru ngaji YBM PLN UIW Kalbar berjumlah 24 orang ', 16800000, 24, '2020-01-20 06:15:29', '2020-01-20 06:15:29'),
(409, 1, 8, 7, 1, '2019-08-12', 'kredit', 'Perjalanan Dinas Amil an. Condro dalam Mengantar orang tua santri dan menghadiri wisuda santri Petik ', 2323200, 0, '2020-01-20 06:15:29', '2020-01-20 06:15:29'),
(410, 1, 2, 2, 1, '2019-08-12', 'kredit', 'Biaya Menghadiri wisuda Santri Petik angkatan VI pada bulan Agustus 2019', 5377525, 2, '2020-01-20 06:15:29', '2020-01-20 06:15:29'),
(411, 1, 9, 1, 1, '2019-08-13', 'debet', 'Penarikan Tunai', 1200000, 0, '2020-01-20 06:15:29', '2020-01-20 06:15:29'),
(412, 1, 9, 1, 1, '2019-08-13', 'debet', 'Penarikan Tunai', 750000, 0, '2020-01-20 06:15:29', '2020-01-20 06:15:29'),
(413, 1, 9, 1, 1, '2019-08-13', 'debet', 'Penarikan Tunai', 6750000, 0, '2020-01-20 06:15:29', '2020-01-20 06:15:29'),
(414, 1, 2, 2, 1, '2019-08-14', 'kredit', ' Uang saku untuk Maha Santri Petik dan Programer berjumlah 5 orang  ', 1500000, 5, '2020-01-20 06:15:29', '2020-01-20 06:15:29'),
(415, 1, 8, 7, 1, '2019-08-16', 'kredit', 'Pembuatan Spanduk dan Mokup pada acara penyaluran dan tebar daging ', 255000, 0, '2020-01-20 06:15:29', '2020-01-20 06:15:29'),
(416, 1, 5, 5, 1, '2019-08-17', 'kredit', 'Bantuan Transportasi Ustad Ahkmad Khairi dalam menghadiri bantuan dakwah di PLN UIW Kalbar ', 500000, 2, '2020-01-20 06:15:29', '2020-01-20 06:15:29'),
(417, 1, 2, 3, 1, '2019-08-17', 'kredit', 'Bantuan kesehatan dalam pelunasan biaya rumah sakit an. Nabil  ', 2243620, 1, '2020-01-20 06:15:29', '2020-01-20 06:15:29'),
(418, 1, 8, 7, 1, '2019-08-19', 'kredit', 'Perjalanan Dinas Amil an. Umar dalam Mengantar Santri Petik dan Programer ke Jakarta dan Bogor ', 2791700, 0, '2020-01-20 06:15:29', '2020-01-20 06:15:29'),
(419, 1, 1, 1, 1, '2019-08-23', 'kredit', 'Setor Tunai Ke BSM ', 15000000, 0, '2020-01-20 06:15:29', '2020-01-20 06:15:29'),
(420, 1, 2, 2, 1, '2019-08-19', 'kredit', 'Biaya mengantar santri Petik dan Programer di Jakarta dan Bogor bulan Agustus 2019 ', 2575098, 5, '2020-01-20 06:15:29', '2020-01-20 06:15:29'),
(421, 1, 8, 7, 1, '2019-08-26', 'kredit', 'Perjalanan Dinas Amil an. Condro  dalam Survey desa Cahaya bersama Tim pusat ke Sanggau,Landak,Jagoi Babang ', 400000, 0, '2020-01-20 06:15:29', '2020-01-20 06:15:29'),
(422, 1, 8, 7, 1, '2019-08-26', 'kredit', 'Perjalanan Dinas Amil an. Umar dalam Survey desa Cahaya bersama Tim pusat ke Sanggau,Landak,Jagoi Babang ', 400000, 0, '2020-01-20 06:15:29', '2020-01-20 06:15:29'),
(423, 1, 8, 7, 1, '2019-08-26', 'kredit', 'Biaya Survey Desa cahaya bersama YBM Pusat dan Al Azhar Peduli Ummat Bulan Agustus 2019 ', 12915362, 0, '2020-01-20 06:15:29', '2020-01-20 06:15:29'),
(424, 1, 5, 5, 1, '2019-08-26', 'kredit', 'Biaya Pengganti Transportasi Dai pedalaman Pelatihan Imam dan Khatib di Kapuas Hulu bulan Agustus 2019 ', 800000, 2, '2020-01-20 06:15:29', '2020-01-20 06:15:29'),
(425, 1, 8, 7, 1, '2019-08-29', 'kredit', 'Perjalanan Dinas Amil an. Umar dalam Mengikuti Pelatihan dai pedalaman Imam dan Khatib di kapuas Hulu ', 2001800, 0, '2020-01-20 06:15:29', '2020-01-20 06:15:29'),
(426, 1, 2, 3, 1, '2019-08-31', 'kredit', 'Bantuan kesehatan biaya peluansan pengobatan pasien Nurfadilah bulan agustus 2019 ', 3000000, 1, '2020-01-20 06:15:29', '2020-01-20 06:15:29'),
(427, 3, 2, 6, 1, '2019-08-02', 'kredit', 'Bantuan Sosial Paket kemerdekaan untuk Up3 Ketapang berjumlah 84 Paket Sembako ', 25200000, 84, '2020-01-20 06:15:29', '2020-01-20 06:15:29'),
(428, 3, 2, 2, 1, '2019-08-02', 'kredit', 'Bantuan Pendidikan untuk uang saku Santri RGI dan Nurul fikri berjumlah 10 orang bulan Agusutus 2019 ', 3313000, 11, '2020-01-20 06:15:29', '2020-01-20 06:15:29'),
(429, 3, 2, 3, 1, '2019-08-02', 'kredit', 'Bantuan kesehatan dalam pelunasan biaya rumah sakit an. Nurma istri ust. Muzakkir ', 3236000, 1, '2020-01-20 06:15:29', '2020-01-20 06:15:29'),
(430, 3, 8, 7, 1, '2019-08-02', 'kredit', 'Biaya Pemindahbukuan E-banking ', 6500, 0, '2020-01-20 06:15:29', '2020-01-20 06:15:29'),
(431, 3, 9, 1, 1, '2019-08-05', 'kredit', 'Penarikan Tunai ', 100000000, 0, '2020-01-20 06:15:29', '2020-01-20 06:15:29'),
(432, 3, 14, 1, 1, '2019-08-06', 'debet', 'YBM PLN Tebar Daging Untuk Dhuafa YBM PLN ', 20000000, 0, '2020-01-20 06:15:29', '2020-01-20 06:15:29'),
(433, 3, 5, 5, 1, '2019-08-07', 'kredit', 'Bantuan Insentif dakwah Dai pedalaman berjumlah 28 orang bulan Agustus 2019 ', 39382000, 28, '2020-01-20 06:15:29', '2020-01-20 06:15:29'),
(434, 3, 5, 5, 1, '2019-08-07', 'kredit', 'Bantuan Insentif Guru Ngaji pedalaman berjumlah 4 orang bulan Agustus 2019 ', 2826000, 4, '2020-01-20 06:15:29', '2020-01-20 06:15:29'),
(435, 3, 2, 2, 1, '2019-08-08', 'kredit', 'Tiket Pesawat Mengantar santri Petik dan Programer bulan agustus 2019 ', 10263400, 7, '2020-01-20 06:15:29', '2020-01-20 06:15:29'),
(436, 3, 8, 7, 1, '2019-08-08', 'kredit', 'Biaya Pemindahbukuan E-banking ', 6500, 0, '2020-01-20 06:15:29', '2020-01-20 06:15:29'),
(437, 3, 7, 3, 1, '2019-08-13', 'kredit', 'Bantuan Kesehatan untuk biaya khitan Allen (Muallaf) bulan Agustus 2019 ', 800000, 1, '2020-01-20 06:15:29', '2020-01-20 06:15:29'),
(438, 3, 10, 1, 1, '2019-08-13', 'kredit', 'Setor Tunai ', 1200000, 0, '2020-01-20 06:15:29', '2020-01-20 06:15:29'),
(439, 3, 8, 7, 1, '2019-08-13', 'kredit', 'Biaya Pemindahbukuan E-banking ', 6500, 0, '2020-01-20 06:15:29', '2020-01-20 06:15:29'),
(440, 3, 9, 1, 1, '2019-08-13', 'kredit', 'Penarikan Tunai ', 6750000, 0, '2020-01-20 06:15:29', '2020-01-20 06:15:29'),
(441, 3, 2, 6, 1, '2019-08-15', 'kredit', 'Bantuan Sosial untuk Berbagi Daging di desa Kumpang, Kab. Landak bulan Agustus 2019 ', 20000000, 40, '2020-01-20 06:15:29', '2020-01-20 06:15:29'),
(442, 3, 2, 3, 1, '2019-08-15', 'kredit', 'Bantuan Kesehatan untuk Pembelian Obat an. Razy bulan Agustus 2019 ', 2500000, 1, '2020-01-20 06:15:29', '2020-01-20 06:15:29'),
(443, 3, 2, 2, 1, '2019-08-15', 'kredit', 'Bantuan Biaya Hidup santri Petik dari Kalbar bulan Agustus 2019 ', 900000, 3, '2020-01-20 06:15:29', '2020-01-20 06:15:29'),
(444, 3, 2, 3, 1, '2019-08-15', 'kredit', 'Bantuan Kesehatan biaya berobat  untuk ust, Sudar', 1000000, 1, '2020-01-20 06:15:29', '2020-01-20 06:15:29'),
(445, 3, 2, 6, 1, '2019-08-15', 'kredit', 'Bantuan sosial untuk Masyarakat yang kena musibah Putting beliung di Ampera Kubu raya', 4084000, 20, '2020-01-20 06:15:29', '2020-01-20 06:15:29'),
(446, 3, 8, 7, 1, '2019-08-15', 'kredit', 'Biaya Pemindahbukuan E-banking ', 6500, 0, '2020-01-20 06:15:29', '2020-01-20 06:15:29'),
(447, 3, 8, 7, 1, '2019-08-15', 'kredit', 'Biaya Pemindahbukuan E-banking ', 6500, 0, '2020-01-20 06:15:29', '2020-01-20 06:15:29'),
(448, 3, 5, 5, 1, '2019-08-19', 'kredit', 'Bantuan dakwah untuk pelatihan Dai pedalaman (Imam dan Khatib) di Putusibau ', 3000000, 4, '2020-01-20 06:15:29', '2020-01-20 06:15:29'),
(449, 3, 8, 7, 1, '2019-08-19', 'kredit', 'Biaya Pemindahbukuan E-banking ', 6500, 0, '2020-01-20 06:15:29', '2020-01-20 06:15:29'),
(450, 3, 10, 1, 1, '2019-08-23', 'debet', 'Transfer Setor Tunai (Kas Ke BSM)', 15000000, 0, '2020-01-20 06:15:29', '2020-01-20 06:15:29'),
(451, 3, 14, 1, 1, '2019-08-26', 'debet', 'Droping dana YBM PLN ', 216354814, 0, '2020-01-20 06:15:29', '2020-01-20 06:15:29'),
(452, 3, 8, 7, 1, '2019-08-31', 'kredit', 'Biaya Adm.', 25000, 0, '2020-01-20 06:15:29', '2020-01-20 06:15:29'),
(453, 3, 11, 1, 1, '2019-08-31', 'debet', 'Bagi hasil atau Bonus ', 30597, 0, '2020-01-20 06:15:29', '2020-01-20 06:15:29'),
(454, 3, 8, 7, 1, '2019-08-31', 'kredit', 'Biaya Materai ', 6000, 0, '2020-01-20 06:15:29', '2020-01-20 06:15:29'),
(455, 4, 2, 2, 1, '2019-08-08', 'kredit', 'Bantuan Pendidikan untuk Daftar ulang masuk Perguruan tinggi di POLNEP tahun 2019/2020', 3500000, 1, '2020-01-20 06:15:29', '2020-01-20 06:15:29'),
(456, 4, 8, 7, 1, '2019-08-08', 'kredit', 'Biaya Pemindahan buku bank ', 6500, 0, '2020-01-20 06:15:29', '2020-01-20 06:15:29'),
(457, 4, 8, 7, 1, '2019-08-13', 'kredit', 'Biaya Pemindahan buku bank ', 6500, 0, '2020-01-20 06:15:29', '2020-01-20 06:15:29'),
(458, 4, 9, 1, 1, '2019-08-13', 'kredit', 'Penarikan Tunai ', 750000, 0, '2020-01-20 06:15:29', '2020-01-20 06:15:29'),
(459, 4, 8, 7, 1, '2019-08-29', 'kredit', 'Biaya Adm BSM CMS Juli 2019', 100000, 0, '2020-01-20 06:15:29', '2020-01-20 06:15:29'),
(460, 4, 8, 7, 1, '2019-08-31', 'kredit', 'Biaya administrasi ', 25000, 0, '2020-01-20 06:15:29', '2020-01-20 06:15:29'),
(461, 4, 11, 1, 1, '2019-08-31', 'debet', 'Bagi hasil atau Bonus ', 3411, 0, '2020-01-20 06:15:29', '2020-01-20 06:15:29'),
(462, 4, 8, 7, 1, '2019-08-31', 'kredit', 'Biaya Materai ', 6000, 0, '2020-01-20 06:15:29', '2020-01-20 06:15:29'),
(463, 5, 8, 7, 1, '2019-08-31', 'kredit', 'Biaya Administrasi ', 25000, 0, '2020-01-20 06:15:29', '2020-01-20 06:15:29'),
(464, 5, 11, 1, 1, '2019-08-31', 'debet', 'Bagi hasil atau bonus ', 552, 0, '2020-01-20 06:15:29', '2020-01-20 06:15:29'),
(465, 5, 8, 7, 1, '2019-08-31', 'kredit', 'Biaya Materai ', 6000, 0, '2020-01-20 06:15:29', '2020-01-20 06:15:29'),
(466, 6, 11, 1, 1, '2019-08-03', 'debet', 'Bagi hasil atau Bonus ', 84948, 0, '2020-01-20 06:15:29', '2020-01-20 06:15:29'),
(467, 6, 8, 7, 1, '2019-07-06', 'kredit', 'Pajak ', 16989, 0, '2020-01-20 06:15:29', '2020-01-20 06:15:29'),
(468, 6, 8, 7, 1, '2019-07-31', 'kredit', 'Biaya Adm ', 7500, 0, '2020-01-20 06:15:29', '2020-01-20 06:15:29'),
(469, 1, 2, 2, 1, '2019-09-02', 'kredit', 'Bantuan Pendidikan Beasiswa Cahaya Pintar Semester Ganjil berjumlah 21 orang bulan September 2019 ', 38772000, 22, '2020-01-20 06:15:29', '2020-01-20 06:15:29'),
(470, 1, 7, 3, 1, '2019-09-03', 'kredit', 'BPJS Atok (muallaf) ', 79000, 2, '2020-01-20 06:15:29', '2020-01-20 06:15:29'),
(471, 1, 8, 7, 1, '2019-09-03', 'kredit', 'BPJS Amil an. Umar ', 104500, 2, '2020-01-20 06:15:29', '2020-01-20 06:15:29'),
(472, 1, 8, 7, 1, '2019-09-03', 'kredit', 'BPJS Amil an. Condro ', 155500, 4, '2020-01-20 06:15:29', '2020-01-20 06:15:29'),
(473, 1, 8, 7, 1, '2019-09-03', 'kredit', 'Pembelian HPS A4 dan ATK ', 110000, 0, '2020-01-20 06:15:29', '2020-01-20 06:15:29'),
(474, 1, 8, 7, 1, '2019-09-03', 'kredit', 'Pembelian Aqua Botol 1 Box', 43000, 0, '2020-01-20 06:15:29', '2020-01-20 06:15:29'),
(475, 1, 2, 6, 1, '2019-09-03', 'kredit', 'Bantuan kebakaran rumah di tebang kacang, kab. Kuburaya ', 5000000, 4, '2020-01-20 06:15:29', '2020-01-20 06:15:29'),
(476, 1, 8, 7, 1, '2019-09-03', 'kredit', 'Pembayaran Listrik YBM PLN UIW Kalbar bulan September 2019 ', 1003000, 0, '2020-01-20 06:15:29', '2020-01-20 06:15:29'),
(477, 1, 2, 2, 1, '2019-09-04', 'kredit', 'Bantuan Pendidikan kepada penerima beasiswa Cahaya Pintar berjumlah 2 orang an. Putri Anisa dan Mujahidin ', 4500000, 2, '2020-01-20 06:15:29', '2020-01-20 06:15:29'),
(478, 1, 2, 4, 1, '2019-09-04', 'kredit', 'Bantuan Modal Usaha kepada Dahlia untuk Pengembangan Usaha Gorengan', 3000000, 1, '2020-01-20 06:15:29', '2020-01-20 06:15:29'),
(479, 1, 5, 5, 1, '2019-09-05', 'kredit', 'Bantuan dakwah kepada para mustahik yang belum bisa baca Al -Qur\'an ', 6180000, 20, '2020-01-20 06:15:29', '2020-01-20 06:15:29'),
(480, 1, 5, 5, 1, '2019-09-06', 'kredit', 'Bantuan transportasi dalam pindah tugas dai pedalaman an. Ust. Yunus', 800000, 2, '2020-01-20 06:15:29', '2020-01-20 06:15:29'),
(481, 1, 9, 1, 1, '2019-09-07', 'debet', 'Penarikan Tunai ', 2940000, 0, '2020-01-20 06:15:29', '2020-01-20 06:15:29'),
(482, 1, 2, 3, 1, '2019-09-07', 'kredit', 'Bantuan pembelian Tabung Oksigen pasien bayi atas nama Firdaus ', 2725500, 1, '2020-01-20 06:15:29', '2020-01-20 06:15:29'),
(483, 1, 1, 1, 1, '2019-09-07', 'debet', 'Pengembalian Tiket Firdaus ', 0, 1, '2020-01-20 06:15:29', '2020-01-20 06:15:29'),
(484, 1, 9, 1, 1, '2019-09-08', 'debet', 'Penarikan Tunai ', 540000, 0, '2020-01-20 06:15:29', '2020-01-20 06:15:29'),
(485, 1, 8, 7, 1, '2019-09-08', 'kredit', 'Pembayaran Internet YBM PLN UIW Kalbar bulan September 2019 ', 473500, 0, '2020-01-20 06:15:29', '2020-01-20 06:15:29'),
(486, 1, 9, 1, 1, '2019-09-10', 'debet', 'Penarikan Tunai ', 23053000, 0, '2020-01-20 06:15:29', '2020-01-20 06:15:29'),
(487, 1, 9, 1, 1, '2019-09-11', 'debet', 'Penarikan Tunai ', 1000000, 0, '2020-01-20 06:15:29', '2020-01-20 06:15:29'),
(488, 1, 5, 5, 1, '2019-09-11', 'kredit', 'Bantuan dakwah kepada Guru ngaji berjumlah 24 orang ', 16800000, 24, '2020-01-20 06:15:29', '2020-01-20 06:15:29'),
(489, 1, 2, 2, 1, '2019-09-12', 'kredit', 'Bantuan Pendidikan untuk pembayaran SPP an. Eva Sumantri dan Irfan Ardiansyah ', 5400000, 2, '2020-01-20 06:15:29', '2020-01-20 06:15:29'),
(490, 1, 2, 3, 1, '2019-09-12', 'kredit', 'Bantuan kesehatan Bantuan pelunasan BPJS Nadia Aulia Putri ', 869500, 1, '2020-01-20 06:15:29', '2020-01-20 06:15:29'),
(491, 1, 8, 7, 1, '2019-09-16', 'kredit', 'Perjalanan dinas Amil an. Condro menghadiri program kemenag kampung zakat di desa Sulung, Sambas', 460000, 0, '2020-01-20 06:15:29', '2020-01-20 06:15:29'),
(492, 1, 5, 5, 1, '2019-09-16', 'kredit', ' Biaya menghadiri program kemenag kampung zakat di desa Sulung, Sambas ', 523100, 1, '2020-01-20 06:15:29', '2020-01-20 06:15:29'),
(493, 1, 5, 5, 1, '2019-09-16', 'kredit', 'Bantuan Pembuatan Keranda jenazah di Segumon, Kab. Sanggau ', 2500000, 1, '2020-01-20 06:15:29', '2020-01-20 06:15:29'),
(494, 1, 5, 5, 1, '2019-09-21', 'kredit', 'Bantuan tiket pesawat untuk istri M. Yunus dai pedalaman di Tanjung Bunga ', 1390000, 1, '2020-01-20 06:15:29', '2020-01-20 06:15:29'),
(495, 1, 8, 7, 1, '2019-09-24', 'kredit', 'Perjalanan Dinas Amil an.condro ke Monitoring Dai bersama Tim KPMP di kembayan dan segumon ,Sanggau ', 160000, 0, '2020-01-20 06:15:29', '2020-01-20 06:15:29'),
(496, 1, 8, 7, 1, '2019-09-25', 'kredit', 'Perjalanan dinas Amil an. Condro mengantar peserta Program Women Preneur ke Depok ', 2286500, 0, '2020-01-20 06:15:29', '2020-01-20 06:15:29'),
(497, 1, 5, 5, 1, '2019-09-25', 'kredit', 'Biaya mengantar santri Programer ke Fakultas di Nurul Fikri ,Depok.', 5258500, 4, '2020-01-20 06:15:29', '2020-01-20 06:15:29'),
(498, 1, 5, 5, 1, '2019-09-25', 'kredit', 'Biaya Monitoring dai pedalaman  Amil an.condro ke Monitoring Dai bersama Tim KPMP di kembayan dan segumon ,Sanggau ', 1547900, 1, '2020-01-20 06:15:29', '2020-01-20 06:15:29'),
(499, 1, 8, 7, 1, '2019-09-30', 'kredit', 'Biaya Survey Mustahik Referensi Amil YBM Pusat di Pemangkat, Sambas ', 550000, 0, '2020-01-20 06:15:29', '2020-01-20 06:15:29'),
(500, 6, 5, 5, 1, '2019-09-06', 'kredit', 'Bantuan dakwah kepada Dai dan Guru Ngaji Pedalaman bulan Spetember 2019 berjumlah 32 orang ', 42152000, 32, '2020-01-20 06:15:29', '2020-01-20 06:15:29'),
(501, 6, 11, 1, 1, '2019-09-06', 'debet', 'Bagi hasil atau Bonus ', 84962, 0, '2020-01-20 06:15:29', '2020-01-20 06:15:29'),
(502, 6, 8, 7, 1, '2019-09-06', 'kredit', 'Pajak ', 16992, 0, '2020-01-20 06:15:29', '2020-01-20 06:15:29'),
(503, 6, 8, 7, 1, '2019-09-30', 'kredit', 'Biaya adm.', 7500, 0, '2020-01-20 06:15:29', '2020-01-20 06:15:29'),
(504, 3, 10, 1, 1, '2019-09-06', 'kredit', 'Pindah buku ke Rek. Operasional ', 21635481, 28, '2020-01-20 06:15:29', '2020-01-20 06:15:29'),
(505, 3, 9, 1, 1, '2019-09-07', 'kredit', 'Penarikan tunai ', 2940000, 0, '2020-01-20 06:15:29', '2020-01-20 06:15:29'),
(506, 3, 9, 1, 1, '2019-09-08', 'kredit', 'Penarikan tunai ', 540000, 0, '2020-01-20 06:15:29', '2020-01-20 06:15:29'),
(507, 3, 9, 1, 1, '2019-09-10', 'kredit', 'Penarikan tunai ', 23053000, 0, '2020-01-20 06:15:29', '2020-01-20 06:15:29'),
(508, 3, 2, 2, 1, '2019-09-10', 'kredit', 'Bantuan pendidikan Uang saku RGI,Porogramer dan Nurul fikri bulan September 2019 ', 4819500, 13, '2020-01-20 06:15:29', '2020-01-20 06:15:29'),
(509, 3, 8, 7, 1, '2019-09-10', 'kredit', 'Biaya pemindahbukuan E banking ', 6500, 0, '2020-01-20 06:15:29', '2020-01-20 06:15:29'),
(510, 3, 2, 6, 1, '2019-09-10', 'kredit', 'Bantuan kebakaran Panti asuhan Al Akbar di Ketapang ', 5000000, 50, '2020-01-20 06:15:29', '2020-01-20 06:15:29'),
(511, 3, 3, 2, 1, '2019-09-11', 'kredit', 'Bantuan Pendidikan atas nama nadia untuk pelunasan SPP bulan januari s/d Juni ', 1500000, 1, '2020-01-20 06:15:29', '2020-01-20 06:15:29'),
(512, 3, 8, 7, 1, '2019-09-11', 'kredit', 'Biaya pemindahbukuan E banking ', 6500, 0, '2020-01-20 06:15:29', '2020-01-20 06:15:29'),
(513, 3, 2, 6, 1, '2019-09-13', 'kredit', 'Bantuan Sembako kepada Dhuafa,dengan Rincian YBM PLN Rutin 41 Paket, Paket Merdeka 416 Paket dan Biaya Pengiriman Sembako Ke UP3 Sanggau ', 139600000, 340, '2020-01-20 06:15:29', '2020-01-20 06:15:29'),
(514, 3, 14, 1, 1, '2019-09-20', 'debet', 'Droping dana YBM PLN PUSAT ', 77099035, 0, '2020-01-20 06:15:29', '2020-01-20 06:15:29'),
(515, 3, 2, 3, 1, '2019-09-22', 'kredit', 'Bantuan kesehatan an.Reza di Pondok Al Mizan ', 2500000, 1, '2020-01-20 06:15:29', '2020-01-20 06:15:29'),
(516, 3, 8, 7, 1, '2019-09-22', 'kredit', 'Biaya pemindahbukuan E banking ', 6500, 0, '2020-01-20 06:15:29', '2020-01-20 06:15:29'),
(517, 3, 8, 7, 1, '2019-09-30', 'kredit', 'Biaya adm', 25000, 0, '2020-01-20 06:15:29', '2020-01-20 06:15:29'),
(518, 3, 8, 7, 1, '2019-09-30', 'kredit', 'Biaya Materai ', 6000, 0, '2020-01-20 06:15:29', '2020-01-20 06:15:29'),
(519, 3, 11, 1, 1, '2019-09-30', 'debet', 'Bagi hasil atau Bonus ', 45809, 0, '2020-01-20 06:15:29', '2020-01-20 06:15:29'),
(520, 4, 8, 7, 1, '2019-09-02', 'kredit', 'Insentif Amil YBM PLN UIW KALBAR berjumlah dua orang untuk bulan Agustus 2019 ', 5229500, 2, '2020-01-20 06:15:29', '2020-01-20 06:15:29'),
(521, 4, 10, 1, 1, '2019-09-02', 'debet', 'Pindah Buku dari Rek. Zakat ', 21635481, 0, '2020-01-20 06:15:29', '2020-01-20 06:15:29'),
(522, 4, 8, 7, 1, '2019-09-06', 'kredit', 'Pembuatan dan Ongkir Rompi YBM PLN UIW KALBAR bulan berjumlah 60 buah bulan september 2019 ', 11350000, 0, '2020-01-20 06:15:29', '2020-01-20 06:15:29'),
(523, 4, 9, 1, 1, '2019-09-06', 'kredit', 'Penarikan Tunai ', 1000000, 0, '2020-01-20 06:15:29', '2020-01-20 06:15:29'),
(524, 4, 8, 7, 1, '2019-09-27', 'kredit', 'Insentif Amil YBM PLN UIW KALBAR berjumlah dua orang untuk bulan September 2019 ', 5229500, 2, '2020-01-20 06:15:29', '2020-01-20 06:15:29'),
(525, 4, 8, 7, 1, '2019-09-27', 'kredit', 'Biaya Adm.BSM CMS Agustus 19', 100000, 0, '2020-01-20 06:15:29', '2020-01-20 06:15:29'),
(526, 4, 8, 7, 1, '2019-09-30', 'kredit', 'Biaya Administrasi ', 25000, 0, '2020-01-20 06:15:29', '2020-01-20 06:15:29'),
(527, 4, 8, 7, 1, '2019-09-30', 'kredit', 'Biaya Materai ', 6000, 0, '2020-01-20 06:15:29', '2020-01-20 06:15:29'),
(528, 4, 11, 1, 1, '2019-09-30', 'debet', 'Bagi Hasil atau Bonus ', 3673, 0, '2020-01-20 06:15:29', '2020-01-20 06:15:29'),
(529, 5, 8, 7, 1, '2019-09-06', 'kredit', 'Biaya Adm.', 25000, 0, '2020-01-20 06:15:29', '2020-01-20 06:15:29'),
(530, 5, 8, 7, 1, '2019-09-06', 'kredit', 'Biaya materai ', 6000, 0, '2020-01-20 06:15:29', '2020-01-20 06:15:29'),
(531, 5, 11, 1, 1, '2019-09-06', 'debet', 'Bagi hasil atau Bonus ', 531, 0, '2020-01-20 06:15:29', '2020-01-20 06:15:29'),
(532, 1, 9, 1, 1, '2019-10-02', 'debet', 'Penarikan Tunai ', 50000000, 0, '2020-01-20 06:15:29', '2020-01-20 06:15:29'),
(533, 1, 8, 7, 1, '2019-10-03', 'kredit', 'Pembayaran Internet YBM PLN UIW KALBAR Bulan Oktober 2019 ', 473500, 0, '2020-01-20 06:15:29', '2020-01-20 06:15:29'),
(534, 1, 8, 7, 1, '2019-10-09', 'kredit', 'BPJS Amil an. Condro ', 155500, 4, '2020-01-20 06:15:29', '2020-01-20 06:15:29'),
(535, 1, 8, 7, 1, '2019-10-09', 'kredit', 'BPJS Amil an. Condro ', 104500, 2, '2020-01-20 06:15:29', '2020-01-20 06:15:29'),
(536, 1, 7, 3, 1, '2019-10-09', 'kredit', ' BPJS (Muallaf) an. Atok  ', 79000, 1, '2020-01-20 06:15:29', '2020-01-20 06:15:29'),
(537, 1, 5, 5, 1, '2019-10-10', 'kredit', 'Bantuan insentif untuk guru ngaji berjumlah 23 orang bulan Oktober 2019 ', 16100000, 23, '2020-01-20 06:15:29', '2020-01-20 06:15:29'),
(538, 1, 8, 7, 1, '2019-10-11', 'kredit', 'Pembelian Godibag (kantong YBM )150 Butir/Tas', 200000, 0, '2020-01-20 06:15:29', '2020-01-20 06:15:29'),
(539, 1, 8, 7, 1, '2019-10-11', 'kredit', 'Bordir baju YBM dan Pembelian Topi YBM ', 255000, 0, '2020-01-20 06:15:29', '2020-01-20 06:15:29'),
(540, 1, 2, 3, 1, '2019-10-12', 'kredit', 'Bantuan kesehatan untuk tiket pesawat an. Firdaus bulan oktober 2019 ', 2325100, 2, '2020-01-20 06:15:29', '2020-01-20 06:15:29'),
(541, 1, 5, 5, 1, '2019-10-15', 'kredit', 'Bantuan peralatan kantor untuk DDII(Dewan dakwah Islam Indonesia) Kota Pontianak ', 2500000, 1, '2020-01-20 06:15:29', '2020-01-20 06:15:29'),
(542, 1, 2, 2, 1, '2019-10-18', 'kredit', 'Bantuan Pendididikan untuk Uang SPP,Seragam an. Masita dan Sonia bulan Oktober 2019 ', 2700000, 2, '2020-01-20 06:15:29', '2020-01-20 06:15:29'),
(543, 1, 8, 7, 1, '2019-10-21', 'kredit', 'Konsumsi ust. Entang ketika membawa pasien ke Pontianak ', 60000, 0, '2020-01-20 06:15:29', '2020-01-20 06:15:29'),
(544, 1, 8, 7, 1, '2019-10-21', 'kredit', 'Pembelian Lampu (Operasional)YBM PLN ', 100000, 0, '2020-01-20 06:15:29', '2020-01-20 06:15:29'),
(545, 1, 8, 7, 1, '2019-10-23', 'kredit', 'Perjalanan dinas Amil an. Condro dalam menghadiri Rakor Baznas di Putusibau ', 2073800, 0, '2020-01-20 06:15:29', '2020-01-20 06:15:29'),
(546, 1, 8, 7, 1, '2019-10-23', 'kredit', 'Biaya Menghadiri Rakor Baznas di Putusibau Amil dan Pengurus YBM bulan Oktober 2019 ', 3372800, 0, '2020-01-20 06:15:29', '2020-01-20 06:15:29'),
(547, 1, 2, 3, 1, '2019-10-23', 'kredit', 'Bantuan Bekal selama di jakarta dalam berobat an. Raisya bulan Oktober 2019 ', 1500000, 1, '2020-01-20 06:15:29', '2020-01-20 06:15:29'),
(548, 1, 8, 7, 1, '2019-10-25', 'kredit', 'Listrik YBM PLN UIW Kalbar ', 203000, 0, '2020-01-20 06:15:29', '2020-01-20 06:15:29'),
(549, 1, 5, 5, 1, '2019-10-28', 'kredit', 'Bantuan insentif Guru Ponpes Hidayatullah ust. Nurkalam bulan Oktober 2019 ', 5000000, 20, '2020-01-20 06:15:29', '2020-01-20 06:15:29'),
(550, 1, 5, 5, 1, '2019-10-28', 'kredit', 'Bantuan kepada ust. Rusdi Saska dalam Membina KPMP serta dai pedalaman bulan Oktober 2019 ', 5000000, 1, '2020-01-20 06:15:29', '2020-01-20 06:15:29'),
(551, 1, 9, 1, 1, '2019-10-29', 'debet', 'Penarikan Tunai ', 50000000, 0, '2020-01-20 06:15:29', '2020-01-20 06:15:29'),
(552, 1, 2, 2, 1, '2019-10-29', 'kredit', 'Bantuan Pendididikan untuk Pondok Tazkiyah bulan Oktober 2019 ', 5000000, 40, '2020-01-20 06:15:29', '2020-01-20 06:15:29'),
(553, 1, 2, 2, 1, '2019-10-30', 'kredit', 'Bantuan HP untuk belajar online di Nurul fikri dalam program Womenpreneur bulan Oktober 2019 ', 3000000, 2, '2020-01-20 06:15:29', '2020-01-20 06:15:29'),
(554, 1, 2, 4, 1, '2019-10-31', 'kredit', 'Bantuan Sepeda Abdul razak untuk usaha menjual Koran bulan Oktober 2019 ', 1400000, 1, '2020-01-20 06:15:29', '2020-01-20 06:15:29'),
(555, 1, 8, 7, 1, '2019-10-31', 'kredit', 'Pembelian Bagasi untuk Raisya 20kg Pesawat Lion Air ', 550000, 0, '2020-01-20 06:15:29', '2020-01-20 06:15:29'),
(556, 1, 5, 5, 1, '2019-10-31', 'kredit', 'Bantuan transportasi ust. Abad dan yanto dari temoyok dan engkalau ', 600000, 2, '2020-01-20 06:15:29', '2020-01-20 06:15:29'),
(557, 6, 5, 5, 1, '2019-10-04', 'kredit', 'Insentif Dai dan Guru Ngaji pedalaman berjumlah 32 orang untuk bulan Oktober 2019  ', 42152000, 32, '2020-01-20 06:15:29', '2020-01-20 06:15:29'),
(558, 6, 11, 1, 1, '2019-10-05', 'debet', 'Bagi hasil atau Bonus ', 75303, 0, '2020-01-20 06:15:29', '2020-01-20 06:15:29'),
(559, 6, 8, 7, 1, '2019-10-05', 'kredit', 'Pajak ', 15060, 0, '2020-01-20 06:15:29', '2020-01-20 06:15:29'),
(560, 6, 8, 7, 1, '2019-10-31', 'kredit', 'Biaya adm.', 7500, 0, '2020-01-20 06:15:29', '2020-01-20 06:15:29'),
(561, 3, 9, 1, 1, '2019-10-02', 'kredit', 'penarikan Tunai ', 50000000, 0, '2020-01-20 06:15:29', '2020-01-20 06:15:29'),
(562, 3, 14, 1, 1, '2019-10-03', 'debet', 'Droping YBM PUSAT ', 130655850, 0, '2020-01-20 06:15:29', '2020-01-20 06:15:29'),
(563, 3, 2, 3, 1, '2019-10-04', 'kredit', 'Bantuan pelunasan BPJS dan Obat an. Marlinda bulan Oktober 2019 ', 1065000, 1, '2020-01-20 06:15:29', '2020-01-20 06:15:29'),
(564, 3, 2, 2, 1, '2019-10-04', 'kredit', 'Bantuan Pendidikan uang saku RGI dan  Nurul Fikri berjumlah 10 orang bulan November 2019 ', 3013000, 10, '2020-01-20 06:15:29', '2020-01-20 06:15:29'),
(565, 3, 8, 7, 1, '2019-10-04', 'kredit', 'Biaya Pemindahbukuan E banking ', 6500, 0, '2020-01-20 06:15:29', '2020-01-20 06:15:29'),
(566, 3, 2, 6, 1, '2019-10-18', 'kredit', 'Bantuan sembako kepada Dhuafa rutin bulanan berjumlah 38 paket bulan September 2019 ', 11400000, 28, '2020-01-20 06:15:29', '2020-01-20 06:15:29'),
(567, 3, 2, 6, 1, '2019-10-18', 'kredit', 'Bantuan Sembako untuk UP3 Ketapang dalam rangka Hari Listrik Nasional ke 73 bulan Oktober ', 15000000, 50, '2020-01-20 06:15:29', '2020-01-20 06:15:29'),
(568, 3, 8, 7, 1, '2019-10-18', 'kredit', 'Biaya Pemindahbukuan E banking ', 6500, 0, '2020-01-20 06:15:29', '2020-01-20 06:15:29'),
(569, 3, 2, 3, 1, '2019-10-22', 'kredit', 'Bantuan Tiket Pesawat pasien an, Raisya di rujuk ke RSCM Jakarta bulan Oktober 2019 ', 2800773, 2, '2020-01-20 06:15:29', '2020-01-20 06:15:29'),
(570, 3, 8, 7, 1, '2019-10-22', 'kredit', 'Biaya Pemindahbukuan E banking ', 6500, 0, '2020-01-20 06:15:29', '2020-01-20 06:15:29'),
(571, 3, 2, 2, 1, '2019-10-28', 'kredit', 'Bantuan Pendidikan Beasiswa S2 untuk para guru Honorer berjumlah 3 orang bulan Oktober 2019 ', 60000000, 3, '2020-01-20 06:15:29', '2020-01-20 06:15:29'),
(572, 3, 8, 7, 1, '2019-10-28', 'kredit', 'Biaya Pemindahbukuan E banking ', 6500, 0, '2020-01-20 06:15:29', '2020-01-20 06:15:29'),
(573, 3, 8, 7, 1, '2019-10-28', 'kredit', 'Biaya Pemindahbukuan E banking ', 6500, 0, '2020-01-20 06:15:29', '2020-01-20 06:15:29'),
(574, 3, 8, 7, 1, '2019-10-28', 'kredit', 'Biaya Pemindahbukuan E banking ', 6500, 0, '2020-01-20 06:15:29', '2020-01-20 06:15:29'),
(575, 3, 9, 1, 1, '2019-10-29', 'kredit', 'penarikan Tunai ', 50000000, 0, '2020-01-20 06:15:29', '2020-01-20 06:15:29'),
(576, 3, 8, 7, 1, '2019-10-31', 'kredit', 'Biaya Adm', 25000, 0, '2020-01-20 06:15:29', '2020-01-20 06:15:29'),
(577, 3, 8, 7, 1, '2019-10-31', 'kredit', 'Biaya Materai ', 6000, 0, '2020-01-20 06:15:29', '2020-01-20 06:15:29'),
(578, 3, 11, 1, 1, '2019-10-31', 'debet', 'Bagi hasil atau bonus', 51865, 0, '2020-01-20 06:15:29', '2020-01-20 06:15:29'),
(579, 4, 8, 7, 1, '2019-10-28', 'kredit', 'Insentif Amil YBM PLN UIW KALBAR bulan Oktober berjumlah dua orang ', 5229500, 2, '2020-01-20 06:15:29', '2020-01-20 06:15:29'),
(580, 4, 8, 7, 1, '2019-10-28', 'kredit', 'Biaya Adm', 25000, 0, '2020-01-20 06:15:29', '2020-01-20 06:15:29'),
(581, 4, 8, 7, 1, '2019-10-31', 'kredit', 'Biaya Materai ', 6000, 0, '2020-01-20 06:15:29', '2020-01-20 06:15:29'),
(582, 4, 8, 7, 1, '2019-10-31', 'kredit', 'Biya Adm BSM CMS Sept 19 ', 100000, 0, '2020-01-20 06:15:29', '2020-01-20 06:15:29'),
(583, 4, 11, 1, 1, '2019-10-31', 'debet', 'Bagi hasil atau bonus ', 2341, 0, '2020-01-20 06:15:29', '2020-01-20 06:15:29'),
(584, 5, 8, 7, 1, '2019-10-31', 'kredit', 'Biaya Admin', 25000, 0, '2020-01-20 06:15:29', '2020-01-20 06:15:29'),
(585, 5, 8, 7, 1, '2019-10-31', 'kredit', 'Biaya Materai ', 6000, 0, '2020-01-20 06:15:29', '2020-01-20 06:15:29'),
(586, 5, 11, 1, 1, '2019-10-31', 'debet', 'Bagi hasil atau bonus ', 521, 0, '2020-01-20 06:15:29', '2020-01-20 06:15:29');

-- --------------------------------------------------------

--
-- Table structure for table `pembukuan_mentah`
--

CREATE TABLE `pembukuan_mentah` (
  `id` bigint(20) UNSIGNED NOT NULL,
  `kategori_pembukuan_id` bigint(20) UNSIGNED DEFAULT NULL,
  `kategori_ashnaf_id` bigint(20) UNSIGNED DEFAULT NULL,
  `kategori_program_id` bigint(20) UNSIGNED DEFAULT NULL,
  `user_id` bigint(20) UNSIGNED DEFAULT NULL,
  `tanggal` date NOT NULL,
  `tipe` varchar(255) COLLATE utf8mb4_unicode_ci NOT NULL,
  `uraian` text COLLATE utf8mb4_unicode_ci NOT NULL,
  `nominal` int(11) NOT NULL,
  `penerima_manfaat` int(11) NOT NULL
) ENGINE=InnoDB DEFAULT CHARSET=utf8mb4 COLLATE=utf8mb4_unicode_ci;

--
-- Dumping data for table `pembukuan_mentah`
--

INSERT INTO `pembukuan_mentah` (`id`, `kategori_pembukuan_id`, `kategori_ashnaf_id`, `kategori_program_id`, `user_id`, `tanggal`, `tipe`, `uraian`, `nominal`, `penerima_manfaat`) VALUES
(1, 1, 1, 1, 1, '2019-01-05', 'debet', 'Saldo bulan Desember 2018', 19653296, 0),
(2, 1, 8, 7, 1, '2019-01-05', 'kredit', 'Biaya pembuatan kalender YBM PLN sebayak 1000pcs', 16300000, 0),
(3, 1, 9, 1, 1, '2019-01-08', 'debet', 'Penarikan Tunai ', 100000000, 0),
(4, 1, 8, 7, 1, '2019-01-08', 'kredit', 'BPJS Amil an. Condro ', 155500, 4),
(5, 1, 2, 3, 1, '2019-01-08', 'kredit', 'BPJS an. Atok (Muallaf)', 79000, 1),
(6, 1, 5, 5, 1, '2019-01-08', 'kredit', 'Bantuan insentif dakwah kepada guru ngaji berjumlah 49 orang pada bulan januari ', 34300000, 49),
(7, 1, 8, 7, 1, '2019-01-09', 'kredit', 'BPJS Amil. An. Umar ', 104500, 2),
(8, 1, 5, 5, 1, '2019-01-09', 'kredit', 'Pembayaran internet Ybm PLN UIW Kalbar bulan januari 2019 ', 462500, 34),
(9, 1, 2, 4, 1, '2019-01-10', 'kredit', 'Bantuan ekonomi untuk dhuafa dan miskin dalam bentuk modal usaha ', 3000000, 1),
(10, 1, 2, 2, 1, '2019-01-10', 'kredit', 'Bantuan pendidikan dhuafa pembayaran daftar ulang an. Juniarsih dan Masita ', 4210000, 2),
(11, 1, 8, 7, 1, '2019-01-11', 'kredit', 'Pembayaran listrik YBM PLN UIW Kalbar bulan januari 2019 ', 502500, 0),
(12, 1, 2, 2, 1, '2019-01-11', 'kredit', 'Bantuan Uang saku RGI bulan januari 2019 ', 2710000, 9),
(13, 1, 5, 5, 1, '2019-01-11', 'kredit', 'Bantuan Acara PAS di Dai Pedalaman Perbatasan kegiatan Bimbel Al Qur;an Muallaf ', 2000000, 30),
(14, 1, 3, 3, 1, '2019-01-15', 'kredit', 'Bantuan operasi pendarahan di kepala atas nama Kabib bulan januari ', 5000000, 1),
(15, 1, 3, 3, 1, '2019-01-18', 'kredit', 'Bantuan kesehatan operasi luka bakar atas nama Meisela Putri Safitri ', 2500000, 1),
(16, 1, 5, 5, 1, '2019-01-21', 'kredit', 'Biaya Taksi Santri RGI ke Balai Karangan ', 150000, 1),
(17, 1, 5, 5, 1, '2019-01-23', 'kredit', 'Bantuan dakwah ke pondok Pesantren Al Fatah Singkawang ', 2400000, 40),
(18, 1, 8, 7, 1, '2019-01-24', 'kredit', 'Biaya pengantaran sepeda motor Tosa dari UP3 singkawang ke UIW kalbar ', 700000, 1),
(19, 1, 8, 7, 1, '2019-01-28', 'kredit', 'Pembuatan stempel warna berjumlah 8 buah ', 1120000, 0),
(20, 1, 8, 7, 1, '2019-01-28', 'kredit', 'Pembuatan Papan nama YBM PLN UIW Kalbar ', 300000, 1),
(21, 1, 3, 3, 1, '2019-01-28', 'kredit', 'Bantuan kesehatan untuk melunasi biaya persalinan ibu Yunita', 5180000, 1),
(22, 1, 9, 1, 1, '2019-01-29', 'debet', 'Penarikan Tunai ', 100000000, 0),
(23, 1, 8, 7, 1, '2019-01-29', 'kredit', 'Biaya pengantaran kalender YBM PLN lewat Go Car ', 39000, 0),
(24, 1, 8, 7, 1, '2019-01-31', 'kredit', 'Perjalanan Amil an. Condro ke Tebedak kab.Landak ', 80000, 1),
(25, 1, 8, 7, 1, '2019-01-31', 'kredit', 'Perjalanan Amil an. Umar ke Tebedak kab.Landak ', 80000, 1),
(26, 1, 7, 5, 1, '2019-01-31', 'kredit', 'Bantuan perlengkapan  ibadah ke muallaf di desa tebedak kab. Landak ', 8046000, 55),
(27, 1, 8, 7, 1, '2019-01-31', 'kredit', 'Biaya Operasional dalam membantu perlengkapan ibadah di ngabang kab. Landak ', 923100, 1),
(28, 2, 1, 1, 1, '2019-01-31', 'debet', 'Saldo bulan Desember 2018', 525799, 0),
(29, 2, 8, 7, 1, '2019-01-31', 'kredit', 'Biaya Adm.', 7500, 0),
(30, 3, 1, 1, 1, '2019-01-08', 'debet', 'Saldo bulan Desember 2018', 499604930, 0),
(31, 3, 5, 5, 1, '2019-01-08', 'kredit', 'Insentif dakwah kepada dai dan guru ngaji pedalaman bulan januari 2019 ', 35130000, 28),
(32, 3, 9, 1, 1, '2019-01-08', 'kredit', 'Penarikan Tunai ', 100000000, 0),
(33, 3, 2, 6, 1, '2019-01-09', 'kredit', 'Bantuan Sembako kepada majelis ta\'lim Al madani berjumlah 40 paket bulan Desember 2018 ', 3000000, 40),
(34, 3, 2, 6, 1, '2019-01-09', 'kredit', 'Bantuan sembako kepada fakir miskin pada bulan desember 2018 ', 21000000, 73),
(35, 3, 14, 1, 1, '2019-01-11', 'debet', 'Droping Dana Pusat ', 259550859, 0),
(36, 3, 9, 1, 1, '2019-01-29', 'kredit', 'Penarikan Tunai ', 100000000, 0),
(37, 3, 2, 6, 1, '2019-01-30', 'kredit', 'Bantuan Sembako kepada majelis ta\'lim Al madani berjumlah 40 paket bulan Januari 2019', 3000000, 40),
(38, 3, 2, 6, 1, '2019-01-30', 'kredit', 'Bantuan Sembako kepada fakir miskin pada bulan Januari 2019 ', 21600000, 73),
(39, 3, 2, 6, 1, '2019-01-30', 'kredit', 'Bantuan sembako kepada ponpes habib sholeh bin Alwi Al haddad di Kubu raya ', 9649000, 50),
(40, 3, 11, 1, 1, '2019-01-31', 'debet', 'Bagi hasil atau bonus ', 172730, 0),
(41, 3, 8, 7, 1, '2019-01-31', 'kredit', 'Biaya Administrasi ', 25000, 0),
(42, 3, 8, 7, 1, '2019-01-31', 'kredit', 'Biaya Materai ', 6000, 0),
(43, 4, 1, 1, 1, '2019-01-08', 'debet', 'Saldo bulan Desember 2018', 101974119, 0),
(44, 4, 8, 7, 1, '2019-01-08', 'kredit', 'Insentif Amil YBM PLN ', 4405000, 2),
(45, 4, 11, 1, 1, '2019-01-31', 'debet', 'Bagi hasil atau bonus ', 32213, 0),
(46, 4, 8, 7, 1, '2019-01-31', 'kredit', 'Biaya Administrasi', 25000, 0),
(47, 4, 8, 7, 1, '2019-01-31', 'kredit', 'Biaya materai ', 6000, 0),
(48, 5, 1, 1, 1, '2019-01-31', 'debet', 'Saldo bulan Desember 2018 ', 1918185, 0),
(49, 5, 11, 1, 1, '2019-01-31', 'debet', 'Bagi hasil atau bonus ', 611, 0),
(50, 5, 8, 7, 1, '2019-01-31', 'kredit', 'Biaya Administrasi ', 25000, 0),
(51, 5, 8, 7, 1, '2019-01-31', 'kredit', 'Biaya materai ', 6000, 0),
(52, 1, 8, 7, 1, '2019-02-06', 'kredit', 'Instal laptop acer Pak condro dan Scan Virus ', 90000, 1),
(53, 1, 2, 6, 1, '2019-02-06', 'kredit', 'Bantuan tiket pesawat untuk rifki sama ayahnya pulang ke ketapang ', 1396976, 2),
(54, 1, 2, 2, 1, '2019-02-06', 'kredit', 'Bantuan Pendidikan Beasiswa cahaya Pintar semester genap berjumlah 19 mahasiswa ', 35817000, 17),
(55, 1, 8, 7, 1, '2019-02-06', 'kredit', 'Pembayaran internet YBM PLN bulan februari 2019 ', 462000, 1),
(56, 1, 2, 6, 1, '2019-02-06', 'kredit', 'Bantuan sembako ke UP 3 Ketapang sebanyak 6 paket untuk 3 bulan ', 5400000, 6),
(57, 1, 2, 2, 1, '2019-02-06', 'kredit', 'Bantuan pendidikan RGI dan programer untuk uang saku santri ', 2710000, 10),
(58, 1, 3, 3, 1, '2019-02-08', 'kredit', 'Bantuan kesehatan Korban ledakan Gas ketika acara Sedekah Akbar ', 10000000, 3),
(59, 1, 2, 6, 1, '2019-02-08', 'kredit', 'Bantuan kesehatan an. Yulian Efendi OS Sektor ', 5000000, 47),
(60, 1, 8, 7, 1, '2019-02-11', 'kredit', 'Perjalanan dinas Amil. An. Umar dalam melakukakan survey dan mengadakan Tes untuk siswa Programer di sambas ', 240000, 1),
(61, 1, 8, 7, 1, '2019-02-11', 'kredit', 'Biaya perbaikan Tossa dan antar jemput dari kantor YBM ke Bengkel ', 1832500, 1),
(62, 1, 8, 7, 1, '2019-02-11', 'kredit', 'Biaya operasional dalam melakukan survey dan mengadakan Tes untuk siswa programer di sambas', 1702200, 0),
(63, 1, 8, 7, 1, '2019-02-12', 'kredit', 'BPJS Amil an. Umar ', 104500, 2),
(64, 1, 8, 7, 1, '2019-02-12', 'kredit', 'BPJS Amil an, Condro ', 155500, 4),
(65, 1, 2, 6, 1, '2019-02-12', 'kredit', 'Biaya konsumsi dan transportasi mengantar Rifki ke Pontianak ,Jakarta dan Pelatihan BNPB ', 11762600, 2),
(66, 1, 8, 7, 1, '2019-02-12', 'kredit', 'Biaya konsumsi ketika Raker YBM PLN UIW Kalbar ', 1537500, 14),
(67, 1, 2, 2, 1, '2019-02-14', 'kredit', 'Bantuan pendidikan untuk uang saku sekolah programer untuk 3 orang ', 900000, 3),
(68, 1, 5, 5, 1, '2019-02-16', 'kredit', 'Bantuan Dakwah untuk guru ngaji berjumlah 25 orang untuk bulan februari 2019 ', 17500000, 26),
(69, 1, 2, 4, 1, '2019-02-16', 'kredit', 'Bantuan ekonomi an. Faridah bulan feb. 2019 ', 3000000, 1),
(70, 1, 2, 2, 1, '2019-02-16', 'kredit', 'Bantuan pendidikan an. Yatimin ', 1880000, 1),
(71, 1, 9, 1, 1, '2019-02-18', 'debet', 'Penarikan Tunai ', 100000000, 0),
(72, 1, 5, 5, 1, '2019-02-22', 'kredit', 'Bantuan pelatihan Khatib dan banjir di kab. Landak Bersama FOZ kalbar ', 3300000, 50),
(73, 1, 8, 7, 1, '2019-02-25', 'kredit', 'Pembelian Alat tulis kantor ', 50000, 0),
(74, 1, 8, 7, 1, '2019-02-25', 'kredit', 'Pembuatan papan nama YBM PLN UIW Kalbar di sekretariat berupa Neon Box ', 3600000, 0),
(75, 1, 2, 6, 1, '2019-02-26', 'kredit', 'Biaya perjalanan Dan akomodasi mengantar santri ke ke Nurul fikri dan Rifki ke Jakarta ', 7413600, 2),
(76, 1, 8, 7, 1, '2019-02-26', 'kredit', 'Operasional Amil dan pengurus YBM PLN UIW Kalbar dalam pelaksanaan pengobatan gratis di sebongkup, sanggau ', 2045000, 6),
(77, 1, 8, 7, 1, '2019-02-26', 'kredit', 'Perjalanan dinas Amil. An Umar ke sanggau dalam melakukan pegobatan gratis ', 240000, 1),
(78, 1, 8, 7, 1, '2019-02-26', 'kredit', 'Perjalnan dina amil an. Umar ke jakarta dan depok mengantar santri programer dan Rifki ', 3359400, 1),
(79, 1, 8, 7, 1, '2019-02-28', 'kredit', 'Perjalanan dinas amil.an. Condro ke Ngabang dalam membantu korban banjir ', 80000, 1),
(80, 1, 8, 7, 1, '2019-02-28', 'kredit', 'Perjalanan dinas Amil an. Condro ke Jakarta dalam mengantar Rifki dan ikut pelatihan BNPB ', 6122553, 1),
(81, 1, 2, 6, 1, '2019-02-28', 'kredit', 'Pengobatan massal di dusun sebongkup Desa nanga biang kab. Sanggau ', 18331600, 300),
(82, 1, 7, 6, 1, '2019-02-28', 'kredit', 'Pembelian Iqro\' untuk muallaf dan pembuatan spanduk korabn banjir untuk kab. Landak ', 440000, 50),
(83, 1, 8, 7, 1, '2019-02-28', 'kredit', 'Pemasangan papan nama YBM PLN UIW Kalbar', 75000, 1),
(84, 2, 8, 7, 1, '2019-02-28', 'kredit', 'Biaya Adm.', 7500, 0),
(85, 3, 5, 5, 1, '2019-02-01', 'kredit', 'Bantuan dakwah dai dan guru ngaji pedalaman berjumlah 28 orang ', 37940000, 28),
(86, 3, 14, 1, 1, '2019-02-13', 'debet', 'Droping dana dari pusat ', 93911034, 0),
(87, 3, 3, 3, 1, '2019-02-18', 'kredit', 'Bantuan kesehatan atas nama syafei di RS Antonius ', 5000000, 0),
(88, 3, 9, 1, 1, '2019-02-18', 'kredit', 'Penarikan tunai ', 100000000, 0),
(89, 3, 14, 1, 1, '2019-02-21', 'debet', 'Dana titipan YBM pusat untu Pelunasan Kontrakan Santri di Sambas', 40000000, 0),
(90, 3, 11, 1, 1, '2019-02-28', 'debet', 'Bagi Hasil atau bonus ', 137560, 0),
(91, 3, 8, 7, 1, '2019-02-28', 'kredit', 'Biaya Administ', 25000, 0),
(92, 3, 8, 7, 1, '2019-02-28', 'kredit', 'Biaya Materai ', 6000, 0),
(93, 4, 11, 1, 1, '2019-02-28', 'debet', 'Bagi hasil atau bonus ', 29684, 0),
(94, 4, 8, 7, 1, '2019-02-28', 'kredit', 'Biaya Adm.', 25000, 0),
(95, 4, 8, 7, 1, '2019-02-28', 'kredit', 'Biaya Materai', 6000, 0),
(96, 5, 11, 1, 1, '2019-02-28', 'debet', 'Bagi hasil Atau bonus ', 574, 0),
(97, 5, 8, 7, 1, '2019-02-28', 'kredit', 'Biaya Adm.', 25000, 0),
(98, 5, 8, 7, 1, '2019-02-28', 'kredit', 'Biaya materai ', 6000, 0),
(99, 1, 7, 3, 1, '2019-03-04', 'kredit', 'BPJS Atok 2 bulan (Feb-Maret) 2019 ', 155500, 1),
(100, 1, 8, 7, 1, '2019-03-04', 'kredit', 'BPJS Amil. Condro ', 155500, 3),
(101, 1, 8, 7, 1, '2019-03-04', 'kredit', 'Pembayaran Internet YBM PLN bulan Maret 2019 ', 462000, 0),
(102, 1, 8, 7, 1, '2019-03-04', 'kredit', 'Pembelian Voucher listrik YBM PLN bulan maret 2019 ', 502500, 0),
(103, 1, 8, 7, 1, '2019-03-06', 'kredit', 'BPJS Amil. Umar ', 104500, 2),
(104, 1, 2, 2, 1, '2019-03-06', 'kredit', 'Bantuan pendidikan untuk uang saku santri RGI dan Programer bulan Maret 2019 ', 3610000, 12),
(105, 1, 2, 3, 1, '2019-03-08', 'kredit', 'Bantuan pemberlian tiket dai pedalaman an. Ayi ', 1450639, 2),
(106, 1, 5, 5, 1, '2019-03-14', 'kredit', 'Bantuan dakwah untuk guru ngaji berjumlah 27 orang bulan maret 2019 ', 18900000, 27),
(107, 1, 2, 4, 1, '2019-03-14', 'kredit', 'Bantuan program Ekonomi berjumlah 3 orang bulan maret 2019', 9000000, 3),
(108, 1, 8, 7, 1, '2019-03-19', 'kredit', 'pembuatan baju YBM PLN UIW Kalbar berjumlah 100PCs ', 8500000, 0),
(109, 1, 8, 7, 1, '2019-03-19', 'kredit', 'Pembelian tinta epson dan servis Printer ', 185000, 0),
(110, 1, 8, 7, 1, '2019-03-19', 'kredit', 'Pembelian ATK YBM PLN ', 117500, 0),
(111, 1, 8, 7, 1, '2019-03-19', 'kredit', 'Pembelian Aqua Gelas dua Dus ', 48000, 0),
(112, 1, 8, 7, 1, '2019-03-20', 'kredit', 'Pembelian Konsumsi untuk Rapat bersama FOZ di Sekretariat YBM PLN ', 70000, 0),
(113, 1, 2, 6, 1, '2019-03-21', 'kredit', 'Bantuan sosial perbaikan/pembangunan rumah an. Limbon di sungai asam ', 5000000, 1),
(114, 1, 3, 3, 1, '2019-03-25', 'kredit', 'Bantuan kesehatan untuk pemulangan pasien an. Iskandar dari rumah sakit kerjasama dengan FOZ kalbar ', 1500000, 1),
(115, 1, 2, 3, 1, '2019-03-25', 'kredit', 'Biaya konsumsi dan transportasi dalam mengantar Rifki ke jakarta untuk memasanga kaki palsu sebelah kiri ', 10826472, 2),
(116, 1, 8, 7, 1, '2019-03-25', 'kredit', 'Perjalanan dinas Amil an. Condro ke jakarta dalam mengantar rifki ', 3555257, 0),
(117, 1, 3, 3, 1, '2019-03-26', 'kredit', 'Bantuan kesehatan atas pelunasan Rumah sakit di ketapang an. Syamsudin ', 5000000, 1),
(118, 1, 9, 1, 1, '2019-03-26', 'debet', 'Penarikan Tunai ', 100000000, 0),
(119, 1, 2, 3, 1, '2019-03-27', 'kredit', 'Bantuan kesehatan untuk pelunasan biaya rumah sakit an. Ronavita ', 750000, 0),
(120, 1, 2, 6, 1, '2019-03-28', 'kredit', 'Bantuan sembako untuk Ricki', 300000, 1),
(121, 1, 8, 7, 1, '2019-03-29', 'kredit', 'Pengisian voucher listrik YBM PLN UIW KALBAR bulan maret 2019', 502000, 0),
(122, 1, 5, 5, 1, '2019-03-29', 'kredit', 'Bantuan dakwah untuk insentif dai pedalaman yang tertunda an. Imam sibawaeh ', 1400000, 1),
(123, 1, 2, 2, 1, '2019-03-29', 'kredit', 'Bantuan pendidikan an. Tomia untuk tambahan daftar ulang bulan maret 2019 ', 1420000, 1),
(124, 1, 8, 7, 1, '2019-03-30', 'kredit', 'Biaya Transportasi dan konsumsi Amil. An. Condro survey ke Ambawang ', 90900, 0),
(125, 1, 2, 3, 1, '2019-03-31', 'kredit', 'Bantuan kesehatan berupa tiket pesawat 2 orang an. Suhani dan nanim ', 1264025, 2),
(126, 2, 8, 7, 1, '2019-03-31', 'kredit', 'Biaya Adm.', 7500, 0),
(127, 3, 5, 5, 1, '2019-03-05', 'kredit', 'Bantuan dakwah untuk dai dan guru ngaji pedalaman berjumlah 27 orang bulan maret 2019 ', 36535000, 27),
(128, 3, 14, 1, 1, '2019-03-15', 'debet', 'Droping dana dari pusat ', 85221500, 0),
(129, 3, 9, 1, 1, '2019-03-26', 'kredit', 'Penarikan Tunai ', 100000000, 0),
(130, 3, 14, 1, 1, '2019-03-27', 'debet', 'Bantuan Dana untuk Muallad dan Dai pedalaman dari YBM PLN Pusat ', 520800000, 0),
(131, 3, 11, 1, 1, '2019-03-31', 'debet', 'Bagi Hasil atau Bonus ', 166104, 0),
(132, 3, 8, 7, 1, '2019-03-31', 'kredit', 'Biaya Adm.', 25000, 0),
(133, 3, 8, 7, 1, '2019-03-31', 'kredit', 'Biaya materai ', 6000, 0),
(134, 4, 8, 7, 1, '2019-03-05', 'kredit', 'Insentif Amil bulan feb 2019 ', 5232000, 2),
(135, 4, 8, 7, 1, '2019-03-26', 'kredit', 'Insentif Amil bulan Maret 2019 ', 5232000, 2),
(136, 4, 14, 1, 1, '2019-03-27', 'debet', 'Droping dana (penggantian uang untuk kalender)', 16300000, 0),
(137, 4, 11, 1, 1, '2019-03-31', 'debet', 'Bagi hasil atau bonus ', 30085, 0),
(138, 4, 8, 7, 1, '2019-03-31', 'kredit', 'Biaya adm.', 25000, 0),
(139, 4, 8, 7, 1, '2019-03-31', 'kredit', 'Biaya materai ', 6000, 0),
(140, 5, 11, 1, 1, '2019-03-31', 'debet', 'Bagi hasil atau bonus ', 591, 0),
(141, 5, 8, 7, 1, '2019-03-31', 'kredit', 'Biaya Adm.', 25000, 0),
(142, 5, 8, 7, 1, '2019-03-31', 'kredit', 'Biaya materai ', 6000, 0),
(143, 1, 8, 7, 1, '2019-04-04', 'kredit', 'Pembayaran Internet Indihome YBMPLN Kalbar bulan April 2019 ', 462000, 0),
(144, 1, 7, 3, 1, '2019-04-04', 'kredit', 'BPJS (Muallaf) Atok ', 79000, 1),
(145, 1, 8, 7, 1, '2019-04-04', 'kredit', 'BPJS Amil. An Condro ', 155500, 0),
(146, 1, 8, 7, 1, '2019-04-04', 'kredit', 'Perjalanan Dina Amil ,an Umar ke Sambas dalam menyalurkan dana dari Pusat untuk Pelunasan Kontrakan MBS ', 730000, 0),
(147, 1, 8, 7, 1, '2019-04-04', 'kredit', 'Pembelian Kertas HPS A4 satu Rim ', 49000, 0),
(148, 1, 8, 7, 1, '2019-04-05', 'kredit', 'BPJS Amil. An. Umar', 104500, 0),
(149, 1, 2, 2, 1, '2019-04-05', 'kredit', 'Uang saku santri Programer Fak. Nurul fikri atas nama Muhaidi di depok ', 300000, 1),
(150, 1, 2, 3, 1, '2019-04-05', 'kredit', 'Bantuan kesehatan pelunasan rumah sakit an. Rozikin ', 1000000, 1),
(151, 1, 2, 2, 1, '2019-04-05', 'kredit', 'Bantuan Pendidikan untuk uang saku santri RGI dan programer di NF bulan April 2019 ', 3610000, 10),
(152, 1, 2, 2, 1, '2019-04-05', 'kredit', 'Pembelian Tas untuk anak yatim MBS di sambas 3 Buah ', 225000, 3),
(153, 1, 8, 7, 1, '2019-04-05', 'kredit', 'Konsumsi Amil an, Umar selama penyerahan bantuan ke sambas ', 95000, 0),
(154, 1, 8, 7, 1, '2019-04-08', 'kredit', 'Perbaikan kunci pintu kantor YBM PLN UIW Kalbar ', 150000, 0),
(155, 1, 8, 7, 1, '2019-04-10', 'kredit', 'Perjalanan Dinas Amil an. Condro ke singkawang dalam menghadiri undangan pelatihan Imam dan khatib ', 950000, 0),
(156, 1, 5, 5, 1, '2019-04-10', 'kredit', 'Bantuan Dana untuk pelatihan Imam dan Khatib di Singkawang ', 3000000, 40),
(157, 1, 8, 7, 1, '2019-04-10', 'kredit', 'Biaya ke singkawang selama menghadiri pelatihan Imam dan khatib ', 4159000, 0),
(158, 1, 2, 6, 1, '2019-04-11', 'kredit', 'Bantuan bedah rumah an. Saudah berupa barang bangunan dan upah pada bulan April 2019 ', 10000000, 1),
(159, 1, 2, 4, 1, '2019-04-11', 'kredit', 'Bantuan Modal usaha an. Jajang Rahmat pada bulan maret 2019 ', 2000000, 1),
(160, 1, 2, 4, 1, '2019-04-11', 'kredit', 'Bantuan Ekonomi untuk modal usaha Mustahik berjumlah 3 orang Bulan April 2019 ', 9000000, 3),
(161, 1, 5, 5, 1, '2019-04-12', 'kredit', 'Bantuan guru ngaji bulan April 2019 berjumlah 27 orang ', 18900000, 27),
(162, 1, 8, 7, 1, '2019-04-14', 'kredit', 'Biaya perjalanan selama memberikan bantuan ke landak dalam acara 1000  Guru kalbar ', 1432500, 0),
(163, 1, 2, 2, 1, '2019-04-14', 'kredit', 'Bantuan Sosiial untuk kegiatanb 1000 Guru Kalbar yang di laksanakan di kab. Landak ', 8800000, 100),
(164, 1, 8, 7, 1, '2019-04-15', 'kredit', 'Pembelian tinta warna Kuning,Merah,biru dan Scnaer printer ', 220000, 0),
(165, 1, 8, 7, 1, '2019-04-15', 'kredit', 'Perjalanan dinas Amil ke landak dalam memberikan bantuan ke desa Munggok ', 160000, 0),
(166, 1, 5, 5, 1, '2019-04-15', 'kredit', 'Perbaikan Mobil dakwah KPMP ', 2500000, 1),
(167, 1, 9, 1, 1, '2019-04-18', 'debet', 'Tarik Tunai ', 4000000, 0),
(168, 1, 8, 7, 1, '2019-04-23', 'kredit', 'Insentif dan Pesangon Amil an, Rizal Mustamsir yang mengundurkan diri dari YBM PLN UIW KALBAR ', 6277000, 0),
(169, 1, 8, 7, 1, '2019-04-24', 'kredit', 'Perjalalanan Dinas Amil an. Condro mengikuti pelatihan Sekolah Amil Indonesia di Bogor ', 4133700, 0),
(170, 1, 5, 5, 1, '2019-04-24', 'kredit', 'Bantuan Kepada KPMP dalam rangka program Fardhu Kifayah dan Bimbel Alqur\'an ', 2080000, 1),
(171, 1, 8, 7, 1, '2019-04-26', 'kredit', 'Perjalanan dinas Amil umar ke Jakarta-bogor dalam mengikuti Pelatihan CBI ', 3851100, 0),
(172, 1, 8, 7, 1, '2019-04-28', 'kredit', 'Pembayaran taksi Pontianak-Sambas PP selama survey ke sambas -Tekarang ', 350000, 0),
(173, 1, 2, 6, 1, '2019-04-28', 'kredit', 'Bantuan Bingkisan peduli dhuafa sebanyak 200 Paket untuk BKMT', 2200000, 50),
(174, 1, 8, 7, 1, '2019-04-29', 'kredit', 'Perjalalanan Dinas Amil an. Condro dalam melakukan survey dan pelaksanaan seleksi Petik di Bunut, kab. Kapuas Hulu', 1001220, 0),
(175, 1, 2, 2, 1, '2019-04-29', 'kredit', 'Biaya Pelaksanaan Tes PeTIK di UIW KALBAR dan UIP KALBAGBAR ', 514000, 0),
(176, 1, 2, 2, 1, '2019-04-29', 'kredit', 'Biaya dalam pelaksanaan Tes Petik di Kapuas Hulu, Putusibau ', 1547000, 0),
(177, 1, 5, 5, 1, '2019-04-30', 'kredit', 'Konsumsi dan bensin dalam penyaluran sembako ke sei. Pinyuh ', 190000, 3),
(178, 1, 2, 6, 1, '2019-04-30', 'kredit', 'Bantuan sosial Santunan anak panti dan dhuafa dalam Rangka menyambut Bulan suci Ramadhan oleh UP3 Ptk', 5500000, 50),
(179, 2, 8, 7, 1, '2019-04-30', 'kredit', 'Biaya Adm.', 7500, 0),
(180, 3, 2, 2, 1, '2019-04-02', 'kredit', 'Bantuan Pelunasan Kontrakan Anak yatim(pendidikan) di Sambas MBS ', 40000000, 40),
(181, 3, 5, 5, 1, '2019-04-05', 'kredit', 'Insentif Dai Pedalaman bulan April 2019 berjumlah 27 orang ', 36535000, 27),
(182, 3, 2, 2, 1, '2019-04-18', 'kredit', 'Bantuan pendidikan untuk sekolah Qur\'an Tahfidz Bulan Januari-Februari ', 16000000, 20),
(183, 3, 5, 5, 1, '2019-04-18', 'kredit', 'Bantuan Dakwah kepada Ponpes Mahyajatul Quro untuk Guru Ngaji ', 5000000, 10),
(184, 3, 5, 5, 1, '2019-04-18', 'kredit', 'Bantuan dakwah kepada ponpes madinatul Qur\'an untuk guru ngaji ', 5000000, 10),
(185, 3, 9, 1, 1, '2019-04-18', 'kredit', 'Penarikan Tunai ', 4000000, 0),
(186, 3, 14, 1, 1, '2019-04-29', 'debet', 'Droping dana Dari pusat ', 77913875, 0),
(187, 3, 11, 1, 1, '2019-04-30', 'debet', 'Bagi Hasil atau Bonus ', 269267, 0),
(188, 3, 8, 7, 1, '2019-04-30', 'kredit', 'Biaya Adm.', 25000, 0),
(189, 3, 8, 7, 1, '2019-04-30', 'kredit', 'Biaya materai ', 6000, 0),
(190, 4, 8, 7, 1, '2019-04-29', 'kredit', 'Insentif Amil YBM PLN UIW Bulan april 2019 berjumlah 2 orang', 5232000, 2),
(191, 4, 11, 1, 1, '2019-04-30', 'debet', 'Bagi Hasil Atau Bonus ', 32723, 0),
(192, 4, 8, 7, 1, '2019-04-30', 'kredit', 'Biaya Adm.', 25000, 0),
(193, 4, 8, 7, 1, '2019-04-30', 'kredit', 'Biaya materai ', 6000, 0),
(194, 5, 11, 1, 1, '2019-04-30', 'debet', 'Bagi hasil atau bonus ', 579, 0),
(195, 5, 8, 7, 1, '2019-04-30', 'kredit', 'Biaya Adm.', 25000, 0),
(196, 5, 8, 7, 1, '2019-04-30', 'kredit', 'Biaya materai', 6000, 0),
(197, 1, 8, 7, 1, '2019-05-02', 'kredit', 'Pembelian Voucher listrik YBM PLN ', 502500, 0),
(198, 1, 2, 6, 1, '2019-05-03', 'kredit', 'Bantuan sosial pembangunan gedung Sekolah yang terbakar Yayasan Taufiqiyah sei. Pinyuh ', 10000000, 20),
(199, 1, 2, 3, 1, '2019-05-03', 'kredit', 'Bantuan kesehatan pengobatan anak dari ust. Engkos dai pedalaman an. Syifa Wujahidah ', 5000000, 0),
(200, 1, 9, 1, 1, '2019-05-06', 'debet', 'Penarikan Tunai ', 100000000, 0),
(201, 1, 8, 7, 1, '2019-05-06', 'kredit', 'Pembuatan Amplop YBM PLN UIW KALBAR sebanyak 25 kotak', 1560000, 0),
(202, 1, 2, 3, 1, '2019-05-06', 'kredit', 'Bantuan kesehatan untuk kepulangan pasien ke ketapang an. Suhani dan Nanim ', 1299069, 2),
(203, 1, 2, 6, 1, '2019-05-06', 'kredit', 'Bantuan Semabko kepada UP3 ketapang bulan Mei 2019 ', 4200000, 6),
(204, 1, 2, 6, 1, '2019-05-06', 'kredit', 'Bantuan sosial paket sembako kepada majelis ta\'lim Nurul Qomar ', 3000000, 10),
(205, 1, 8, 7, 1, '2019-05-08', 'kredit', 'BPJS AMIL an. Umar ', 104500, 2),
(206, 1, 8, 7, 1, '2019-05-08', 'kredit', 'BPJS AMIL an. Condro ', 153500, 0),
(207, 1, 7, 3, 1, '2019-05-08', 'kredit', 'BPJS Atok ', 79000, 4),
(208, 1, 9, 1, 1, '2019-05-08', 'debet', 'Tarik Tunai (kembalian di karenakan Sama Bank ) ', 5000, 0),
(209, 1, 8, 7, 1, '2019-05-08', 'kredit', 'Perbaikan atap belakang (dapur)  YBM PLN ', 963000, 0),
(210, 1, 2, 2, 1, '2019-05-09', 'kredit', 'Bantuan pendidikan an. M. Alfian dan Maulydya pelunasan SPP', 2625000, 2),
(211, 1, 8, 7, 1, '2019-05-10', 'kredit', 'Pembayaran internet bulan Mei  YBM PLN UIW Kalbar 2019 ', 473000, 0),
(212, 1, 9, 1, 1, '2019-05-13', 'debet', 'Penarikan Tunai ', 100000000, 0),
(213, 1, 5, 5, 1, '2019-05-13', 'kredit', 'Biaya Transportasi anak yatim dan Dhuafa buka Puasa bersama di PCC bersama Manajemen PLN Kalbar ', 469000, 20),
(214, 1, 2, 2, 1, '2019-05-13', 'kredit', 'Bantuan pendidikan kepada Thesa dan Friscka dalam pemabayaran SPP dan Daftar Ulang ', 1835000, 2),
(215, 1, 8, 7, 1, '2019-05-13', 'kredit', 'Pembuatan Arcylic YBM PLN UIW KALBAR sebanyak 1 buah', 358000, 0),
(216, 1, 2, 6, 1, '2019-05-13', 'kredit', 'Santunan Yatim dan Dhuafa pada bulan Ramadhan 1440 di Pontianak Convention Center besama Manajemen PLN ', 27000000, 166),
(217, 1, 9, 1, 1, '2019-05-14', 'debet', 'Penarikan Tunai ', 20000000, 0),
(218, 1, 2, 6, 1, '2019-05-14', 'kredit', 'Bantuan dana dari YBM PLN UIW ke UP3 Pontianak dalam rangka Program Ramadhan 1440 H untuk santunan Yatim dan Dhuafa ', 36000000, 150),
(219, 1, 9, 1, 1, '2019-05-16', 'debet', 'Penarikan Tunai ', 50000000, 0),
(220, 1, 5, 5, 1, '2019-05-16', 'kredit', 'Bantuan guru ngaji berjumlah 28 orang bulan mei 2019 ', 19600000, 28),
(221, 1, 2, 4, 1, '2019-05-16', 'kredit', 'Bantuan Ekonomi modal usahan berjumlah 3 orang bulan Mei 2019 ', 9000000, 3),
(222, 1, 2, 6, 1, '2019-05-16', 'kredit', 'Santunan Yatim dan Dhuafa pada bulan Ramadhan 1440 di ULP Sintang ', 8000000, 40),
(223, 1, 2, 2, 1, '2019-05-16', 'kredit', 'Bantuan Pendidikan santri RGI dan Programer bulan Mei 2019 ', 3610000, 10),
(224, 1, 2, 6, 1, '2019-05-16', 'kredit', 'Bantuan Santunan Yatim Dhuafa di ULP Putusibau Ramadhan 1440 H ', 10000000, 50),
(225, 1, 8, 7, 1, '2019-05-16', 'kredit', 'Biaya Bank Saat TRf Dana ke BRIS @400. 000.000 ', 36000, 0),
(226, 1, 8, 7, 1, '2019-05-16', 'kredit', 'Stiker Indoor 50x10 sebanyak 5 lembar ', 100000, 0),
(227, 1, 2, 6, 1, '2019-05-17', 'kredit', 'Santunan Yatim dan Dhuafa di Limbung jembatan kuning  pada bulan Ramadhan 1440 H ', 2000000, 10),
(228, 1, 8, 7, 1, '2019-05-17', 'kredit', 'Pembuatan X bener dan spanduk 3 buah ', 270000, 0),
(229, 1, 2, 6, 1, '2019-05-19', 'kredit', 'Santunan Yatim dan Dhuafa di Sungai Kupah pada bulan Ramadhan 1440 H ', 1000000, 5),
(230, 1, 2, 6, 1, '2019-05-19', 'kredit', 'Bantuan kepada anak dan keluarga dhaufa serta buka bersama Pengurus YBM PLN UIW Kalbar ', 9800000, 0),
(231, 1, 2, 3, 1, '2019-05-20', 'kredit', 'Bantuan kesehatan an. Supriadi yang akan di rujuk ke jakarta ', 3758400, 4),
(232, 1, 2, 6, 1, '2019-05-20', 'kredit', 'Bantuan Sosial kepada Tahfidzul Qur\'an An Nur dalam sedekah akbar pada bulan Ramadhan 1440 H ', 5000000, 50),
(233, 1, 8, 7, 1, '2019-05-22', 'kredit', 'Konsumsi Safari Ramadhan ke Sandai dan Ketapang ', 70000, 0),
(234, 1, 7, 5, 1, '2019-05-23', 'kredit', 'Bantuan Santunan kepada Muallaf pedalaman di Kalbar oleh KPMP ', 3400000, 20),
(235, 1, 8, 7, 1, '2019-05-23', 'kredit', 'Biaya Driver ke Sandai dan Ketapang dalam Safari ramadhan 1440 H ', 250000, 0),
(236, 1, 8, 7, 1, '2019-05-23', 'kredit', 'Penginapan di Ketapang ketika mengikuti Safari Ramadhan 1440 H ', 400000, 0),
(237, 1, 8, 7, 1, '2019-05-23', 'kredit', 'Perjalanan dinas Amil an. Umar ke Sandai dan  ketapang ', 240000, 0),
(238, 1, 2, 5, 1, '2019-05-28', 'kredit', 'Bantuan Yatim dan Dhuafa pada bulan Ramadhan 1440 H di UP2D ', 9000000, 40),
(239, 1, 2, 6, 1, '2019-05-29', 'kredit', 'Bantuan Sosial untuk santunan kepada dhuafa dan guru ngaji bulan Mei pada Ramadhan 1440 H ', 1400000, 8),
(240, 2, 8, 7, 1, '2019-05-16', 'kredit', 'Biaya Adm ', 7500, 0),
(241, 3, 9, 1, 1, '2019-05-06', 'kredit', 'Penarikan Tunai ', 100000000, 0),
(242, 3, 5, 5, 1, '2019-05-08', 'kredit', 'Bantuan dakwah insentif dai pedalaman berjumlah 26 dai bulan Mei 2019', 36530000, 31),
(243, 3, 5, 5, 1, '2019-05-08', 'kredit', 'Bantuan dakwah insentif Guru Ngaji pedalaman berjumlah 3 dai bulan Mei 2019', 2815000, 3),
(244, 3, 9, 1, 1, '2019-05-08', 'kredit', 'Tarik Tunai (kembalian di karenakan Sama Bank ) ', 5000, 0),
(245, 3, 9, 1, 1, '2019-05-13', 'kredit', 'Penarikan Tunai ', 100000000, 0),
(246, 3, 2, 6, 1, '2019-05-14', 'kredit', 'Bantuan dana dari YBM PLN UIW ke UP3 Ketapang dalam rangka Program Ramadhan 1440 H untuk santunan Yatim dan Dhuafa ', 32000000, 200),
(247, 3, 2, 6, 1, '2019-05-14', 'kredit', 'Bantuan dana dari YBM PLN UIW ke UP3Sanggau dalam rangka Program Ramadhan 1440 H untuk santunan Yatim dan Dhuafa ', 32000000, 200),
(248, 3, 2, 6, 1, '2019-05-14', 'kredit', 'Bantuan dana dari YBM PLN UIW ke UP3Singkawang  dalam rangka Program Ramadhan 1440 H untuk santunan Yatim dan Dhuafa ', 44000000, 200),
(249, 3, 9, 1, 1, '2019-05-14', 'kredit', 'Penarikan Tunai ', 20000000, 0),
(250, 3, 3, 3, 1, '2019-05-15', 'kredit', 'Bantuan kesehatan persalinan  an.Lia Amelia', 2500000, 1),
(251, 3, 8, 7, 1, '2019-05-15', 'kredit', 'Biaya pemindah bukuan ', 6500, 0),
(252, 3, 2, 6, 1, '2019-05-15', 'kredit', 'Bantuan santunan yatim dan Dhuafa yang di serahkan ke PLN Muda pada Program Ramadhan 1440 H ', 40000000, 200),
(253, 3, 9, 1, 1, '2019-05-16', 'kredit', 'Penarikan Tunai ', 50000000, 0),
(254, 3, 10, 1, 1, '2019-05-16', 'kredit', 'SKN Keluar dari BSM ke BRIS (Dana Dai pedalaman /Titipan )', 400000000, 0),
(255, 3, 14, 1, 1, '2019-05-16', 'debet', 'Droping dana dari Pusat ', 83427581, 0),
(256, 3, 2, 6, 1, '2019-05-21', 'kredit', 'Bantuan kepada Purnakarya pada Ramadhan 1440 H oleh UP 3 Pontianak ', 4500000, 10),
(257, 3, 8, 7, 1, '2019-05-21', 'kredit', 'Biaya pemindah bukuan ', 6500, 0),
(258, 3, 7, 6, 1, '2019-05-23', 'kredit', 'Bantuan Muallaf pada Kegiatan Ramdahan 1440 H ', 1800000, 10),
(259, 3, 2, 6, 1, '2019-05-23', 'kredit', 'Bantuan Sosial kepada SMP Islam Tazkiyah bantuan kegiatan Pesantren pada bulan Ramadhan 1440 H ', 2000000, 20),
(260, 3, 5, 5, 1, '2019-05-23', 'kredit', 'Bantuan Fisabilillah kepada KPMP dalam Kegiatan Safari Ramadhan 1440 H ke Pedalaman Kalbar ', 500000, 5),
(261, 3, 8, 7, 1, '2019-05-23', 'kredit', 'Biaya pemindah bukuan ', 6500, 0),
(262, 3, 2, 6, 1, '2019-05-24', 'kredit', 'Bantuan Sosial kepada Nasyiatul Aisyiah pada bulan Ramadhan 1440 untuk kegiatan Pesantren ', 5000000, 30),
(263, 3, 8, 7, 1, '2019-05-24', 'kredit', 'Biaya pemindah bukuan ', 6500, 0),
(264, 3, 8, 7, 1, '2019-05-27', 'kredit', 'Biaya pemindah bukuan ', 6500, 0),
(265, 3, 2, 2, 1, '2019-05-27', 'kredit', 'Pembayaran SBS (selama Pelatihan Bahasa Inggris) ', 9000000, 20),
(266, 3, 5, 5, 1, '2019-05-28', 'kredit', 'Bantuan dakwah untuk insentif dai pedalaman berjumlah 26 orang untuk bulan juni 2019 ', 36530000, 31),
(267, 3, 5, 5, 1, '2019-05-28', 'kredit', 'Bantuan dakwah untuk Guru ngaji pedalaman berjumlah 3 orang untuk bulan juni 2019 ', 2115000, 3),
(268, 3, 8, 7, 1, '2019-05-28', 'kredit', 'Biaya pemindah bukuan ', 6500, 0),
(269, 3, 8, 7, 1, '2019-05-28', 'kredit', 'Biaya pemindah bukuan ', 6500, 0),
(270, 3, 11, 1, 1, '2019-05-31', 'debet', 'Bagi Hasil Atau Bonus ', 148251, 0),
(271, 3, 8, 7, 1, '2019-05-31', 'kredit', 'Biaya adm ', 25000, 0),
(272, 3, 8, 7, 1, '2019-05-31', 'kredit', 'Biaya materai ', 6000, 0),
(273, 4, 8, 7, 1, '2019-05-27', 'kredit', 'Gaji dan THR Amil an. M. Umar ', 4823000, 3),
(274, 4, 8, 7, 1, '2019-05-27', 'kredit', 'Gaji dan THR Amil an. Condro ', 4823000, 0),
(275, 4, 8, 7, 1, '2019-05-27', 'kredit', 'Biaya Pemindah bukuan ', 6500, 0),
(276, 4, 8, 7, 1, '2019-05-27', 'kredit', 'Biaya Adm BSM CMS Apr 2019 ', 100000, 0),
(277, 4, 11, 1, 1, '2019-05-31', 'debet', 'Bagi hasil atau Bonus ', 31771, 0),
(278, 4, 8, 7, 1, '2019-05-31', 'kredit', 'Biaya Adm ', 25000, 0),
(279, 4, 8, 7, 1, '2019-05-31', 'kredit', 'Biaya Materai ', 6000, 0),
(280, 5, 11, 1, 1, '2019-05-31', 'debet', 'Bagi hasil atau Bonus ', 589, 0),
(281, 5, 8, 7, 1, '2019-05-31', 'kredit', 'Biaya Adm ', 25000, 0),
(282, 5, 8, 7, 1, '2019-05-31', 'kredit', 'Biaya Materai ', 6000, 0),
(283, 6, 10, 1, 1, '2019-05-16', 'debet', 'Pemindah bukuan dari BSM ke BRIS ', 400000000, 0),
(284, 1, 3, 6, 1, '2019-06-01', 'kredit', 'Bantuan Sosial untuk pelunasan Hutang an. Alm. Hermansyah selama sakit kepada keluarga dan tetangga ', 4500000, 1),
(285, 1, 8, 7, 1, '2019-06-10', 'kredit', 'Pembayaran Internet YBM PLN UIW Kalbar bulan juni 2019 ', 490741, 0),
(286, 1, 8, 7, 1, '2019-06-10', 'kredit', 'Pengisian Listrik YBM PLN UIW Kalbar bulan Juni 2019 ', 502500, 0),
(287, 1, 2, 3, 1, '2019-06-12', 'kredit', 'Pelunasan Biaya rumah sakit an. Hanan', 5000000, 1),
(288, 1, 8, 7, 1, '2019-06-13', 'kredit', 'Biaya dalam menyalurkan bantuan banjir ke desa Mungguk Kec. Ngabang Kab Landak ', 2257726, 0),
(289, 1, 8, 7, 1, '2019-06-13', 'kredit', 'Pembuatan X bener dan spanduk dua buah ', 310000, 0),
(290, 1, 8, 7, 1, '2019-06-14', 'kredit', 'Perjalanan Dinas Amil an. Umar ke Landak dalam Menyalurkan bantuan Banjir ke desa Mungguk ', 160000, 0),
(291, 1, 8, 7, 1, '2019-06-14', 'kredit', 'Perjalanan Dinas Amil an. Condro ke Landak dalam Menyalurkan bantuan Banjir ke desa Mungguk dan survey ke Balaikarangan ', 2456200, 0),
(292, 1, 2, 2, 1, '2019-06-14', 'kredit', 'Bantuan Tiket pesawat untuk santri RGIdan sekolah programer,petik dan STT Nurul Fikri Jakarta-Pontianak ', 37064953, 18),
(293, 1, 8, 7, 1, '2019-06-19', 'kredit', 'BPJS an. Amil Condro ', 155500, 4),
(294, 1, 5, 5, 1, '2019-06-19', 'kredit', 'Bantuan Guru Ngaji berjumlah 27 orang bulan juni 2019 ', 18900000, 27),
(295, 1, 1, 1, 1, '2019-06-20', 'debet', 'Setoran Tunai ', 530000, 0),
(296, 1, 2, 2, 1, '2019-06-20', 'kredit', 'Biaya Transportasi ,akomadasi dan konsumsi Santri RGI bulan Juni 2019 ', 2199700, 10),
(297, 1, 2, 2, 1, '2019-06-24', 'kredit', 'Bantuan pendidikan uang saku RGI angkatan 21 bulan Juni berjumlah 9 orang ', 2700000, 10),
(298, 1, 2, 2, 1, '2019-06-26', 'kredit', 'Bantuan Pendidikan Uang masuk Ponpes Tahfidzul Qur\'an Labbaik kepada Filya ', 3000000, 1),
(299, 1, 7, 3, 1, '2019-06-26', 'kredit', 'BPJS an. Atok ', 79000, 2),
(300, 1, 8, 7, 1, '2019-06-26', 'kredit', 'BPJS an. Amil Umar ', 104500, 2),
(301, 1, 8, 7, 1, '2019-06-26', 'kredit', 'Pengisian Listrik YBM PLN UIW Kalbar bulan Juni 2019 ', 505000, 0),
(302, 1, 2, 2, 1, '2019-06-28', 'kredit', 'Biaya Transportasi RGI dan Sekolah Programer ke Bandara soetta ', 1800000, 16),
(303, 1, 2, 2, 1, '2019-06-28', 'kredit', 'Biaya Transportasi Lokal Santri sekolah Programer dan Petik Kalbar ', 1500000, 5),
(304, 1, 2, 2, 1, '2019-06-28', 'kredit', 'Biaya Transportasi lokal RGI angkatan 21 bulan berjumlah 4 orang ', 600000, 4),
(305, 1, 8, 7, 1, '2019-06-28', 'kredit', 'Perjalanan Dinas Amil an. Condro ke Depok dalam mengantar santri RGI Angkatan 21 ', 1000000, 0),
(306, 1, 2, 6, 1, '2019-06-28', 'kredit', 'Bantuan Sosial Bedah rumah dhuafa an. Hamid Yani pada bulan Juni 2019 ', 10000000, 1),
(307, 2, 8, 7, 1, '2019-06-30', 'kredit', 'Biaya Adm ', 7500, 0),
(308, 3, 2, 6, 1, '2019-06-12', 'kredit', 'Bantuan Sembako Kepada Dhuafa bulan Februari , Maret, dan April 2019', 54900000, 180),
(309, 3, 8, 7, 1, '2019-06-12', 'kredit', 'Biaya Pemidah bukuan ', 6500, 0),
(310, 3, 8, 7, 1, '2019-06-12', 'kredit', 'Biaya Pemidah bukuan ', 6500, 0),
(311, 3, 8, 7, 1, '2019-06-12', 'kredit', 'Biaya Pemidah bukuan ', 6500, 0),
(312, 3, 14, 1, 1, '2019-06-14', 'debet', 'Droping pusat untuk bantuan Banjir di Landak ', 208281480, 0),
(313, 3, 2, 6, 1, '2019-06-18', 'kredit', 'Bantuan Sembako Korban banjir di desa Munggok Kec. Ngabang Kab Landak bulan Juni 2019 ', 199200870, 340),
(314, 3, 8, 7, 1, '2019-06-18', 'kredit', 'Biaya Pemidah bukuan ', 6500, 0),
(315, 3, 8, 7, 1, '2019-06-18', 'kredit', 'Biaya Pemidah bukuan ', 6500, 0),
(316, 3, 8, 7, 1, '2019-06-18', 'kredit', 'Biaya Pemidah bukuan ', 6500, 0),
(317, 3, 6, 7, 1, '2019-06-18', 'kredit', 'Biaya Pemidah bukuan ', 6500, 0),
(318, 3, 8, 6, 1, '2019-06-19', 'kredit', 'Biaya Pemidah bukuan ', 6500, 0),
(319, 3, 8, 7, 1, '2019-06-19', 'kredit', 'Biaya Pemidah bukuan ', 6500, 0),
(320, 3, 8, 7, 1, '2019-06-19', 'kredit', 'Biaya Pemidah bukuan ', 6500, 0),
(321, 3, 8, 7, 1, '2019-06-19', 'kredit', 'Biaya Pemidah bukuan ', 6500, 0),
(322, 3, 10, 1, 1, '2019-06-20', 'debet', 'Dana dari Rek. Operasional (penggantian dana zakat) ', 80698430, 0),
(323, 3, 2, 2, 1, '2019-06-20', 'kredit', 'Tiket Pesawat Santri RGI Sebanyak 9 orang ', 12695800, 9),
(324, 3, 8, 7, 1, '2019-06-20', 'kredit', 'Tiket Pesawat Amil. An Condro ke Jakarta-Depok mengantar santri RGI ', 3002400, 0),
(325, 3, 10, 1, 1, '2019-06-20', 'kredit', 'Setoran Tunai ', 530000, 0),
(326, 3, 10, 1, 1, '2019-06-21', 'kredit', 'Pinjaman dana ke YBM PLN UIP untuk tiket Pesawat Santri RGI ', 10000000, 0),
(327, 3, 14, 1, 1, '2019-06-26', 'debet', 'Droping dana dari Pusat ', 251311905, 0),
(328, 3, 5, 5, 1, '2019-06-26', 'kredit', 'Bantuan Fisabilillah Kepada Amil dalam Melayat Mertua di jawa Tengah ', 5000000, 4),
(329, 3, 10, 1, 1, '2019-06-27', 'debet', 'Pengambalian Dana dari YBM PLN UIP ', 10000000, 0),
(330, 3, 11, 1, 1, '2019-06-30', 'debet', 'Bagi hasil atau bonus ', 37457, 0),
(331, 3, 8, 7, 1, '2019-06-30', 'kredit', 'Biaya adm.', 25000, 0),
(332, 3, 8, 7, 1, '2019-06-30', 'kredit', 'Biaya Materai ', 6000, 0),
(333, 4, 10, 1, 1, '2019-06-20', 'kredit', 'Penggantian dana Zakat ', 80698430, 0),
(334, 4, 8, 7, 1, '2019-06-26', 'kredit', 'Insentif Amil YBM PLN UIW KALBAR Bulan Juni 2019 berjumlah dua orang ', 5229500, 2),
(335, 4, 8, 7, 1, '2019-06-27', 'kredit', 'Biaya Permintaan Cek zakat ', 100000, 0),
(336, 4, 11, 1, 1, '2019-06-30', 'debet', 'Baigi hasil atau Bonus ', 19893, 0),
(337, 4, 8, 7, 1, '2019-06-30', 'kredit', 'Biaya Adm.', 25000, 0),
(338, 4, 8, 7, 1, '2019-06-30', 'kredit', 'Biaya Materai ', 6000, 0),
(339, 5, 11, 1, 1, '2019-06-30', 'debet', 'Bagi hasil Atau Bonus ', 577, 0),
(340, 5, 8, 7, 1, '2019-06-30', 'kredit', 'Biaya Adm ', 25000, 0),
(341, 5, 8, 7, 1, '2019-06-30', 'kredit', 'Biaya materai ', 6000, 0),
(342, 6, 11, 1, 1, '2019-06-08', 'debet', 'Pemindah bukuan dari BSM ke BRIS ', 41095, 0),
(343, 6, 8, 7, 1, '2019-06-08', 'kredit', 'Pajak', 8219, 0),
(344, 6, 8, 7, 1, '2019-06-30', 'kredit', 'Biaya Administrasi', 7500, 0),
(345, 1, 9, 1, 1, '2019-07-02', 'debet', 'Penarikan Tunai ', 100000000, 0),
(346, 1, 8, 7, 1, '2019-07-03', 'kredit', 'Instal Ulang laptop Asusu X4441U', 70000, 0),
(347, 1, 8, 7, 1, '2019-07-03', 'kredit', 'BPJS Amil an. Condro bulan  Juli 2019 ', 155500, 0),
(348, 1, 7, 3, 1, '2019-07-03', 'kredit', 'BPJS an, Atok (Muallaf) ', 79000, 1),
(349, 1, 8, 7, 1, '2019-07-03', 'kredit', 'BPJS Amil an. Umar ', 104500, 0),
(350, 1, 8, 7, 1, '2019-07-03', 'kredit', 'Pembayaran Internet YBM PLN bulan Juli 2019 ', 450624, 0),
(351, 1, 8, 7, 1, '2019-07-05', 'kredit', 'Pembuatan X bener berjumlah 1 buah ', 120000, 0),
(352, 1, 8, 7, 1, '2019-07-07', 'kredit', 'Biaya Bensin ketika Pergi acara bedah panti Ar Ridho ', 100000, 0),
(353, 1, 2, 6, 1, '2019-07-08', 'kredit', 'Bantuan sosial Bedah rumah Asep di sambas Purnawirawan PLN ', 10000000, 1),
(354, 1, 2, 4, 1, '2019-07-08', 'kredit', 'Bantuan Modal Usaha untuk Surahman bulan Juli 2019  ', 3000000, 1),
(355, 1, 5, 5, 1, '2019-07-09', 'kredit', 'Rincian Biaya survey calon santri ,programer ,Petik dan RGI serta Monitoring dai Pedalaman di sambas ', 787000, 1),
(356, 1, 8, 7, 1, '2019-07-09', 'kredit', 'Perjalanan dinas Amil an. Condro survey calon santri ,programer ,Petik dan RGI serta Monitoring dai Pedalaman ', 1790000, 0),
(357, 1, 2, 2, 1, '2019-07-09', 'kredit', 'Bantuan Pendidikan RGI Berjumlah 9 orang bulan juli 2019 ', 2706500, 9),
(358, 1, 5, 5, 1, '2019-07-11', 'kredit', 'Biaya Seleksi PeTIK Gelombang kedua di UIW Kalbar ', 774000, 8),
(359, 1, 2, 2, 1, '2019-07-16', 'kredit', 'Bantuan Pendidikan masuk Ponpes Al Qur\'an Nurul Muhsinin SMP IT th 2019/2020', 950000, 1),
(360, 1, 2, 3, 1, '2019-07-16', 'kredit', 'Bantuan kesehatan Bola Mata palsu untuk ananda Bintang ', 3500000, 1),
(361, 1, 5, 5, 1, '2019-07-17', 'kredit', 'Bantuan Guru ngaji berjumlah 23 orang bulan Juli 2019 ', 16100000, 23),
(362, 1, 8, 7, 1, '2019-07-17', 'kredit', 'Biaya Survey ke Teluk Pakedai ', 83000, 0),
(363, 1, 2, 4, 1, '2019-07-17', 'kredit', 'Bantuan Ekonomi an. Marwiyah bulan Juli 2019 ', 3000000, 1),
(364, 1, 2, 6, 1, '2019-07-17', 'kredit', 'Bantuan sosial Bedah rumah Fatimah di Samalantan Kab. Bengkayang ', 3000000, 1),
(365, 1, 2, 3, 1, '2019-07-26', 'kredit', 'Bantuan Kesehatan kepada ananda Bayu untuk perawatan selama di Jakarta ', 1500000, 1),
(366, 1, 5, 5, 1, '2019-07-26', 'kredit', 'Bantuan Tiket kepada ananda Bayu untuk berobat ke Jakarta bersama orang tua dan pedamping ', 3458400, 3),
(367, 1, 2, 3, 1, '2019-07-27', 'kredit', 'Bantuan Kesehatan Pelunasan BPJS dan Biaya Rumah sakit an. Citra amelia ', 5000000, 1),
(368, 1, 2, 2, 1, '2019-07-30', 'kredit', 'Bantuan tiket untuk Santri Programer ke jakarta an. Erwin ', 1400200, 1),
(369, 1, 2, 2, 1, '2019-07-31', 'kredit', 'Biaya Tiket Santri Petik an. M Ali Akbar ke Jakarta ', 1323200, 1),
(370, 1, 5, 5, 1, '2019-07-31', 'kredit', 'Biaya kegiatan Training Pemantapan Da\'I Baznas ', 3400000, 20),
(371, 3, 9, 1, 1, '2019-07-06', 'kredit', 'Penarikan Tunai ', 100000000, 0),
(372, 3, 2, 6, 1, '2019-07-02', 'kredit', 'Bantuan Sembako kepada dhuafa  bulan Februari s/d Juni  2019 ', 93860000, 100),
(373, 3, 8, 7, 1, '2019-07-02', 'kredit', 'Biaya Adm', 100000, 0),
(374, 3, 2, 6, 1, '2019-07-03', 'kredit', 'Bantuan sosial bedah Panti Asuhan Ar Ridho ', 3500000, 20),
(375, 3, 8, 7, 1, '2019-07-03', 'kredit', 'Biaya Pemindah BUKU ', 6500, 0),
(376, 3, 5, 5, 1, '2019-07-05', 'kredit', 'Insentif Guru ngaji di peddalaman Kalbar berjumlah 3 orang bulan juli 2019 ', 2108000, 3),
(377, 3, 5, 5, 1, '2019-07-05', 'kredit', 'Insentif Da\'i pedalaman Kalbar berjumlah 31 orang bulan juli 2019 ', 43429000, 30),
(378, 3, 14, 1, 1, '2019-07-11', 'debet', 'Droping dana dari Pusat ', 173324193, 0),
(379, 3, 2, 6, 1, '2019-07-22', 'kredit', 'Bantuan Sembako kepada UP3 Ketapang bulan Juni,Juli dan agustus 2019 ', 3600000, 6),
(380, 3, 2, 3, 1, '2019-07-22', 'kredit', 'Bantuan Kesehatan ananda Bintang dalam perawatan di RSCM Jakarta ', 5000000, 3),
(381, 3, 10, 1, 1, '2019-07-26', 'kredit', 'Pemindahan dana dari Rek. ZAKAT', 17332419, 0),
(382, 3, 2, 6, 1, '2019-07-22', 'kredit', 'Bantuan Sembako kepada dhuafa berjumlah 51 paket bulan Juli 2019 ', 15300000, 51),
(383, 3, 8, 7, 1, '2019-07-22', 'kredit', 'Biaya Pemindah BUKU ', 6500, 0),
(384, 3, 11, 1, 1, '2019-07-31', 'debet', 'Bagi hasil atau bonus ', 65316, 0),
(385, 3, 8, 7, 1, '2019-07-31', 'kredit', 'Biaya Adm.', 25000, 0),
(386, 3, 8, 7, 1, '2019-07-31', 'kredit', 'Biaya Materai ', 6000, 0),
(387, 4, 10, 1, 1, '2019-07-26', 'debet', 'Pindah Buku dana Operasional ke Rek. Zakat ', 17332419, 0),
(388, 4, 8, 7, 1, '2019-07-26', 'kredit', 'Insentif Amil YBM PLN UIW KALBAR berjumlah 2 orang untuk bulan Juli 2019 ', 5223000, 2),
(389, 4, 8, 7, 1, '2019-07-26', 'kredit', 'Biaya Pemindah Buku', 6500, 0),
(390, 4, 8, 7, 1, '2019-07-30', 'kredit', 'Pembuatan Rompi YBM PLN UIW KALBAR tahun 2019 ', 770000, 0),
(391, 4, 8, 7, 1, '2019-07-30', 'kredit', 'Biaya Permintaan Buku Cek ', 100000, 0),
(392, 4, 11, 1, 1, '2019-07-31', 'debet', 'Bagi Hasil atau Bonus ', 1393, 0),
(393, 4, 8, 7, 1, '2019-07-31', 'kredit', 'Biaya Adm.', 25000, 0),
(394, 4, 8, 7, 1, '2019-07-31', 'kredit', 'Biaya materai ', 6000, 0),
(395, 5, 11, 1, 1, '2019-07-31', 'debet', 'Bagi hasil atau Bonus ', 561, 0),
(396, 5, 8, 7, 1, '2019-07-31', 'kredit', 'Biaya Adm.', 25000, 0),
(397, 5, 8, 7, 1, '2019-07-31', 'kredit', 'Biaya materai ', 6000, 0),
(398, 6, 11, 1, 1, '2019-07-06', 'debet', 'Bagi hasil atau Bonus ', 82196, 0),
(399, 6, 8, 7, 1, '2019-07-06', 'kredit', 'Pajak ', 16439, 0),
(400, 6, 8, 7, 1, '2019-07-31', 'kredit', 'Biaya Adm ', 7500, 0),
(401, 1, 8, 7, 1, '2019-08-01', 'kredit', 'BPJS Amil. An Condro  ', 155500, 4),
(402, 1, 8, 7, 1, '2019-08-01', 'kredit', 'BPJS Amil. An Umar ', 104500, 2),
(403, 1, 7, 3, 1, '2019-08-01', 'kredit', 'BPJS Atok. Muallaf ', 79000, 2),
(404, 1, 8, 7, 1, '2019-08-02', 'kredit', 'Pembelian Voucher listrik YBM PLN UIW KALBAR Bulan Agustus 2019 ', 505000, 0),
(405, 1, 9, 1, 1, '2019-08-05', 'debet', 'Penarikan Tunai', 100000000, 0),
(406, 1, 8, 7, 1, '2019-08-05', 'kredit', 'Pembayaran internet YBM PLN UIW KALBAR Bulan Agustus 2019 ', 473500, 0),
(407, 1, 2, 4, 1, '2019-08-08', 'kredit', 'Bantuan Modal Usaha berjumlah 2 orang untuk Dhuafa ', 6000000, 2),
(408, 1, 5, 5, 1, '2019-08-08', 'kredit', 'Bantuan Dakwah kepada Guru ngaji YBM PLN UIW Kalbar berjumlah 24 orang ', 16800000, 24),
(409, 1, 8, 7, 1, '2019-08-12', 'kredit', 'Perjalanan Dinas Amil an. Condro dalam Mengantar orang tua santri dan menghadiri wisuda santri Petik ', 2323200, 0),
(410, 1, 2, 2, 1, '2019-08-12', 'kredit', 'Biaya Menghadiri wisuda Santri Petik angkatan VI pada bulan Agustus 2019', 5377525, 2),
(411, 1, 9, 1, 1, '2019-08-13', 'debet', 'Penarikan Tunai', 1200000, 0),
(412, 1, 9, 1, 1, '2019-08-13', 'debet', 'Penarikan Tunai', 750000, 0),
(413, 1, 9, 1, 1, '2019-08-13', 'debet', 'Penarikan Tunai', 6750000, 0),
(414, 1, 2, 2, 1, '2019-08-14', 'kredit', ' Uang saku untuk Maha Santri Petik dan Programer berjumlah 5 orang  ', 1500000, 5),
(415, 1, 8, 7, 1, '2019-08-16', 'kredit', 'Pembuatan Spanduk dan Mokup pada acara penyaluran dan tebar daging ', 255000, 0),
(416, 1, 5, 5, 1, '2019-08-17', 'kredit', 'Bantuan Transportasi Ustad Ahkmad Khairi dalam menghadiri bantuan dakwah di PLN UIW Kalbar ', 500000, 2),
(417, 1, 2, 3, 1, '2019-08-17', 'kredit', 'Bantuan kesehatan dalam pelunasan biaya rumah sakit an. Nabil  ', 2243620, 1),
(418, 1, 8, 7, 1, '2019-08-19', 'kredit', 'Perjalanan Dinas Amil an. Umar dalam Mengantar Santri Petik dan Programer ke Jakarta dan Bogor ', 2791700, 0),
(419, 1, 1, 1, 1, '2019-08-23', 'kredit', 'Setor Tunai Ke BSM ', 15000000, 0),
(420, 1, 2, 2, 1, '2019-08-19', 'kredit', 'Biaya mengantar santri Petik dan Programer di Jakarta dan Bogor bulan Agustus 2019 ', 2575098, 5),
(421, 1, 8, 7, 1, '2019-08-26', 'kredit', 'Perjalanan Dinas Amil an. Condro  dalam Survey desa Cahaya bersama Tim pusat ke Sanggau,Landak,Jagoi Babang ', 400000, 0),
(422, 1, 8, 7, 1, '2019-08-26', 'kredit', 'Perjalanan Dinas Amil an. Umar dalam Survey desa Cahaya bersama Tim pusat ke Sanggau,Landak,Jagoi Babang ', 400000, 0),
(423, 1, 8, 7, 1, '2019-08-26', 'kredit', 'Biaya Survey Desa cahaya bersama YBM Pusat dan Al Azhar Peduli Ummat Bulan Agustus 2019 ', 12915362, 0),
(424, 1, 5, 5, 1, '2019-08-26', 'kredit', 'Biaya Pengganti Transportasi Dai pedalaman Pelatihan Imam dan Khatib di Kapuas Hulu bulan Agustus 2019 ', 800000, 2),
(425, 1, 8, 7, 1, '2019-08-29', 'kredit', 'Perjalanan Dinas Amil an. Umar dalam Mengikuti Pelatihan dai pedalaman Imam dan Khatib di kapuas Hulu ', 2001800, 0),
(426, 1, 2, 3, 1, '2019-08-31', 'kredit', 'Bantuan kesehatan biaya peluansan pengobatan pasien Nurfadilah bulan agustus 2019 ', 3000000, 1),
(427, 3, 2, 6, 1, '2019-08-02', 'kredit', 'Bantuan Sosial Paket kemerdekaan untuk Up3 Ketapang berjumlah 84 Paket Sembako ', 25200000, 84),
(428, 3, 2, 2, 1, '2019-08-02', 'kredit', 'Bantuan Pendidikan untuk uang saku Santri RGI dan Nurul fikri berjumlah 10 orang bulan Agusutus 2019 ', 3313000, 11),
(429, 3, 2, 3, 1, '2019-08-02', 'kredit', 'Bantuan kesehatan dalam pelunasan biaya rumah sakit an. Nurma istri ust. Muzakkir ', 3236000, 1),
(430, 3, 8, 7, 1, '2019-08-02', 'kredit', 'Biaya Pemindahbukuan E-banking ', 6500, 0),
(431, 3, 9, 1, 1, '2019-08-05', 'kredit', 'Penarikan Tunai ', 100000000, 0),
(432, 3, 14, 1, 1, '2019-08-06', 'debet', 'YBM PLN Tebar Daging Untuk Dhuafa YBM PLN ', 20000000, 0),
(433, 3, 5, 5, 1, '2019-08-07', 'kredit', 'Bantuan Insentif dakwah Dai pedalaman berjumlah 28 orang bulan Agustus 2019 ', 39382000, 28),
(434, 3, 5, 5, 1, '2019-08-07', 'kredit', 'Bantuan Insentif Guru Ngaji pedalaman berjumlah 4 orang bulan Agustus 2019 ', 2826000, 4),
(435, 3, 2, 2, 1, '2019-08-08', 'kredit', 'Tiket Pesawat Mengantar santri Petik dan Programer bulan agustus 2019 ', 10263400, 7),
(436, 3, 8, 7, 1, '2019-08-08', 'kredit', 'Biaya Pemindahbukuan E-banking ', 6500, 0),
(437, 3, 7, 3, 1, '2019-08-13', 'kredit', 'Bantuan Kesehatan untuk biaya khitan Allen (Muallaf) bulan Agustus 2019 ', 800000, 1),
(438, 3, 10, 1, 1, '2019-08-13', 'kredit', 'Setor Tunai ', 1200000, 0),
(439, 3, 8, 7, 1, '2019-08-13', 'kredit', 'Biaya Pemindahbukuan E-banking ', 6500, 0),
(440, 3, 9, 1, 1, '2019-08-13', 'kredit', 'Penarikan Tunai ', 6750000, 0),
(441, 3, 2, 6, 1, '2019-08-15', 'kredit', 'Bantuan Sosial untuk Berbagi Daging di desa Kumpang, Kab. Landak bulan Agustus 2019 ', 20000000, 40),
(442, 3, 2, 3, 1, '2019-08-15', 'kredit', 'Bantuan Kesehatan untuk Pembelian Obat an. Razy bulan Agustus 2019 ', 2500000, 1),
(443, 3, 2, 2, 1, '2019-08-15', 'kredit', 'Bantuan Biaya Hidup santri Petik dari Kalbar bulan Agustus 2019 ', 900000, 3),
(444, 3, 2, 3, 1, '2019-08-15', 'kredit', 'Bantuan Kesehatan biaya berobat  untuk ust, Sudar', 1000000, 1),
(445, 3, 2, 6, 1, '2019-08-15', 'kredit', 'Bantuan sosial untuk Masyarakat yang kena musibah Putting beliung di Ampera Kubu raya', 4084000, 20),
(446, 3, 8, 7, 1, '2019-08-15', 'kredit', 'Biaya Pemindahbukuan E-banking ', 6500, 0),
(447, 3, 8, 7, 1, '2019-08-15', 'kredit', 'Biaya Pemindahbukuan E-banking ', 6500, 0),
(448, 3, 5, 5, 1, '2019-08-19', 'kredit', 'Bantuan dakwah untuk pelatihan Dai pedalaman (Imam dan Khatib) di Putusibau ', 3000000, 4),
(449, 3, 8, 7, 1, '2019-08-19', 'kredit', 'Biaya Pemindahbukuan E-banking ', 6500, 0),
(450, 3, 10, 1, 1, '2019-08-23', 'debet', 'Transfer Setor Tunai (Kas Ke BSM)', 15000000, 0),
(451, 3, 14, 1, 1, '2019-08-26', 'debet', 'Droping dana YBM PLN ', 216354814, 0),
(452, 3, 8, 7, 1, '2019-08-31', 'kredit', 'Biaya Adm.', 25000, 0),
(453, 3, 11, 1, 1, '2019-08-31', 'debet', 'Bagi hasil atau Bonus ', 30597, 0),
(454, 3, 8, 7, 1, '2019-08-31', 'kredit', 'Biaya Materai ', 6000, 0),
(455, 4, 2, 2, 1, '2019-08-08', 'kredit', 'Bantuan Pendidikan untuk Daftar ulang masuk Perguruan tinggi di POLNEP tahun 2019/2020', 3500000, 1),
(456, 4, 8, 7, 1, '2019-08-08', 'kredit', 'Biaya Pemindahan buku bank ', 6500, 0),
(457, 4, 8, 7, 1, '2019-08-13', 'kredit', 'Biaya Pemindahan buku bank ', 6500, 0),
(458, 4, 9, 1, 1, '2019-08-13', 'kredit', 'Penarikan Tunai ', 750000, 0),
(459, 4, 8, 7, 1, '2019-08-29', 'kredit', 'Biaya Adm BSM CMS Juli 2019', 100000, 0),
(460, 4, 8, 7, 1, '2019-08-31', 'kredit', 'Biaya administrasi ', 25000, 0),
(461, 4, 11, 1, 1, '2019-08-31', 'debet', 'Bagi hasil atau Bonus ', 3411, 0),
(462, 4, 8, 7, 1, '2019-08-31', 'kredit', 'Biaya Materai ', 6000, 0),
(463, 5, 8, 7, 1, '2019-08-31', 'kredit', 'Biaya Administrasi ', 25000, 0),
(464, 5, 11, 1, 1, '2019-08-31', 'debet', 'Bagi hasil atau bonus ', 552, 0),
(465, 5, 8, 7, 1, '2019-08-31', 'kredit', 'Biaya Materai ', 6000, 0),
(466, 6, 11, 1, 1, '2019-08-03', 'debet', 'Bagi hasil atau Bonus ', 84948, 0),
(467, 6, 8, 7, 1, '2019-07-06', 'kredit', 'Pajak ', 16989, 0),
(468, 6, 8, 7, 1, '2019-07-31', 'kredit', 'Biaya Adm ', 7500, 0),
(469, 1, 2, 2, 1, '2019-09-02', 'kredit', 'Bantuan Pendidikan Beasiswa Cahaya Pintar Semester Ganjil berjumlah 21 orang bulan September 2019 ', 38772000, 22),
(470, 1, 7, 3, 1, '2019-09-03', 'kredit', 'BPJS Atok (muallaf) ', 79000, 2),
(471, 1, 8, 7, 1, '2019-09-03', 'kredit', 'BPJS Amil an. Umar ', 104500, 2),
(472, 1, 8, 7, 1, '2019-09-03', 'kredit', 'BPJS Amil an. Condro ', 155500, 4),
(473, 1, 8, 7, 1, '2019-09-03', 'kredit', 'Pembelian HPS A4 dan ATK ', 110000, 0),
(474, 1, 8, 7, 1, '2019-09-03', 'kredit', 'Pembelian Aqua Botol 1 Box', 43000, 0),
(475, 1, 2, 6, 1, '2019-09-03', 'kredit', 'Bantuan kebakaran rumah di tebang kacang, kab. Kuburaya ', 5000000, 4),
(476, 1, 8, 7, 1, '2019-09-03', 'kredit', 'Pembayaran Listrik YBM PLN UIW Kalbar bulan September 2019 ', 1003000, 0),
(477, 1, 2, 2, 1, '2019-09-04', 'kredit', 'Bantuan Pendidikan kepada penerima beasiswa Cahaya Pintar berjumlah 2 orang an. Putri Anisa dan Mujahidin ', 4500000, 2),
(478, 1, 2, 4, 1, '2019-09-04', 'kredit', 'Bantuan Modal Usaha kepada Dahlia untuk Pengembangan Usaha Gorengan', 3000000, 1),
(479, 1, 5, 5, 1, '2019-09-05', 'kredit', 'Bantuan dakwah kepada para mustahik yang belum bisa baca Al -Qur\'an ', 6180000, 20),
(480, 1, 5, 5, 1, '2019-09-06', 'kredit', 'Bantuan transportasi dalam pindah tugas dai pedalaman an. Ust. Yunus', 800000, 2),
(481, 1, 9, 1, 1, '2019-09-07', 'debet', 'Penarikan Tunai ', 2940000, 0),
(482, 1, 2, 3, 1, '2019-09-07', 'kredit', 'Bantuan pembelian Tabung Oksigen pasien bayi atas nama Firdaus ', 2725500, 1),
(483, 1, 1, 1, 1, '2019-09-07', 'debet', 'Pengembalian Tiket Firdaus ', 0, 1);
INSERT INTO `pembukuan_mentah` (`id`, `kategori_pembukuan_id`, `kategori_ashnaf_id`, `kategori_program_id`, `user_id`, `tanggal`, `tipe`, `uraian`, `nominal`, `penerima_manfaat`) VALUES
(484, 1, 9, 1, 1, '2019-09-08', 'debet', 'Penarikan Tunai ', 540000, 0),
(485, 1, 8, 7, 1, '2019-09-08', 'kredit', 'Pembayaran Internet YBM PLN UIW Kalbar bulan September 2019 ', 473500, 0),
(486, 1, 9, 1, 1, '2019-09-10', 'debet', 'Penarikan Tunai ', 23053000, 0),
(487, 1, 9, 1, 1, '2019-09-11', 'debet', 'Penarikan Tunai ', 1000000, 0),
(488, 1, 5, 5, 1, '2019-09-11', 'kredit', 'Bantuan dakwah kepada Guru ngaji berjumlah 24 orang ', 16800000, 24),
(489, 1, 2, 2, 1, '2019-09-12', 'kredit', 'Bantuan Pendidikan untuk pembayaran SPP an. Eva Sumantri dan Irfan Ardiansyah ', 5400000, 2),
(490, 1, 2, 3, 1, '2019-09-12', 'kredit', 'Bantuan kesehatan Bantuan pelunasan BPJS Nadia Aulia Putri ', 869500, 1),
(491, 1, 8, 7, 1, '2019-09-16', 'kredit', 'Perjalanan dinas Amil an. Condro menghadiri program kemenag kampung zakat di desa Sulung, Sambas', 460000, 0),
(492, 1, 5, 5, 1, '2019-09-16', 'kredit', ' Biaya menghadiri program kemenag kampung zakat di desa Sulung, Sambas ', 523100, 1),
(493, 1, 5, 5, 1, '2019-09-16', 'kredit', 'Bantuan Pembuatan Keranda jenazah di Segumon, Kab. Sanggau ', 2500000, 1),
(494, 1, 5, 5, 1, '2019-09-21', 'kredit', 'Bantuan tiket pesawat untuk istri M. Yunus dai pedalaman di Tanjung Bunga ', 1390000, 1),
(495, 1, 8, 7, 1, '2019-09-24', 'kredit', 'Perjalanan Dinas Amil an.condro ke Monitoring Dai bersama Tim KPMP di kembayan dan segumon ,Sanggau ', 160000, 0),
(496, 1, 8, 7, 1, '2019-09-25', 'kredit', 'Perjalanan dinas Amil an. Condro mengantar peserta Program Women Preneur ke Depok ', 2286500, 0),
(497, 1, 5, 5, 1, '2019-09-25', 'kredit', 'Biaya mengantar santri Programer ke Fakultas di Nurul Fikri ,Depok.', 5258500, 4),
(498, 1, 5, 5, 1, '2019-09-25', 'kredit', 'Biaya Monitoring dai pedalaman  Amil an.condro ke Monitoring Dai bersama Tim KPMP di kembayan dan segumon ,Sanggau ', 1547900, 1),
(499, 1, 8, 7, 1, '2019-09-30', 'kredit', 'Biaya Survey Mustahik Referensi Amil YBM Pusat di Pemangkat, Sambas ', 550000, 0),
(500, 6, 5, 5, 1, '2019-09-06', 'kredit', 'Bantuan dakwah kepada Dai dan Guru Ngaji Pedalaman bulan Spetember 2019 berjumlah 32 orang ', 42152000, 32),
(501, 6, 11, 1, 1, '2019-09-06', 'debet', 'Bagi hasil atau Bonus ', 84962, 0),
(502, 6, 8, 7, 1, '2019-09-06', 'kredit', 'Pajak ', 16992, 0),
(503, 6, 8, 7, 1, '2019-09-30', 'kredit', 'Biaya adm.', 7500, 0),
(504, 3, 10, 1, 1, '2019-09-06', 'kredit', 'Pindah buku ke Rek. Operasional ', 21635481, 28),
(505, 3, 9, 1, 1, '2019-09-07', 'kredit', 'Penarikan tunai ', 2940000, 0),
(506, 3, 9, 1, 1, '2019-09-08', 'kredit', 'Penarikan tunai ', 540000, 0),
(507, 3, 9, 1, 1, '2019-09-10', 'kredit', 'Penarikan tunai ', 23053000, 0),
(508, 3, 2, 2, 1, '2019-09-10', 'kredit', 'Bantuan pendidikan Uang saku RGI,Porogramer dan Nurul fikri bulan September 2019 ', 4819500, 13),
(509, 3, 8, 7, 1, '2019-09-10', 'kredit', 'Biaya pemindahbukuan E banking ', 6500, 0),
(510, 3, 2, 6, 1, '2019-09-10', 'kredit', 'Bantuan kebakaran Panti asuhan Al Akbar di Ketapang ', 5000000, 50),
(511, 3, 3, 2, 1, '2019-09-11', 'kredit', 'Bantuan Pendidikan atas nama nadia untuk pelunasan SPP bulan januari s/d Juni ', 1500000, 1),
(512, 3, 8, 7, 1, '2019-09-11', 'kredit', 'Biaya pemindahbukuan E banking ', 6500, 0),
(513, 3, 2, 6, 1, '2019-09-13', 'kredit', 'Bantuan Sembako kepada Dhuafa,dengan Rincian YBM PLN Rutin 41 Paket, Paket Merdeka 416 Paket dan Biaya Pengiriman Sembako Ke UP3 Sanggau ', 139600000, 340),
(514, 3, 14, 1, 1, '2019-09-20', 'debet', 'Droping dana YBM PLN PUSAT ', 77099035, 0),
(515, 3, 2, 3, 1, '2019-09-22', 'kredit', 'Bantuan kesehatan an.Reza di Pondok Al Mizan ', 2500000, 1),
(516, 3, 8, 7, 1, '2019-09-22', 'kredit', 'Biaya pemindahbukuan E banking ', 6500, 0),
(517, 3, 8, 7, 1, '2019-09-30', 'kredit', 'Biaya adm', 25000, 0),
(518, 3, 8, 7, 1, '2019-09-30', 'kredit', 'Biaya Materai ', 6000, 0),
(519, 3, 11, 1, 1, '2019-09-30', 'debet', 'Bagi hasil atau Bonus ', 45809, 0),
(520, 4, 8, 7, 1, '2019-09-02', 'kredit', 'Insentif Amil YBM PLN UIW KALBAR berjumlah dua orang untuk bulan Agustus 2019 ', 5229500, 2),
(521, 4, 10, 1, 1, '2019-09-02', 'debet', 'Pindah Buku dari Rek. Zakat ', 21635481, 0),
(522, 4, 8, 7, 1, '2019-09-06', 'kredit', 'Pembuatan dan Ongkir Rompi YBM PLN UIW KALBAR bulan berjumlah 60 buah bulan september 2019 ', 11350000, 0),
(523, 4, 9, 1, 1, '2019-09-06', 'kredit', 'Penarikan Tunai ', 1000000, 0),
(524, 4, 8, 7, 1, '2019-09-27', 'kredit', 'Insentif Amil YBM PLN UIW KALBAR berjumlah dua orang untuk bulan September 2019 ', 5229500, 2),
(525, 4, 8, 7, 1, '2019-09-27', 'kredit', 'Biaya Adm.BSM CMS Agustus 19', 100000, 0),
(526, 4, 8, 7, 1, '2019-09-30', 'kredit', 'Biaya Administrasi ', 25000, 0),
(527, 4, 8, 7, 1, '2019-09-30', 'kredit', 'Biaya Materai ', 6000, 0),
(528, 4, 11, 1, 1, '2019-09-30', 'debet', 'Bagi Hasil atau Bonus ', 3673, 0),
(529, 5, 8, 7, 1, '2019-09-06', 'kredit', 'Biaya Adm.', 25000, 0),
(530, 5, 8, 7, 1, '2019-09-06', 'kredit', 'Biaya materai ', 6000, 0),
(531, 5, 11, 1, 1, '2019-09-06', 'debet', 'Bagi hasil atau Bonus ', 531, 0),
(532, 1, 9, 1, 1, '2019-10-02', 'debet', 'Penarikan Tunai ', 50000000, 0),
(533, 1, 8, 7, 1, '2019-10-03', 'kredit', 'Pembayaran Internet YBM PLN UIW KALBAR Bulan Oktober 2019 ', 473500, 0),
(534, 1, 8, 7, 1, '2019-10-09', 'kredit', 'BPJS Amil an. Condro ', 155500, 4),
(535, 1, 8, 7, 1, '2019-10-09', 'kredit', 'BPJS Amil an. Condro ', 104500, 2),
(536, 1, 7, 3, 1, '2019-10-09', 'kredit', ' BPJS (Muallaf) an. Atok  ', 79000, 1),
(537, 1, 5, 5, 1, '2019-10-10', 'kredit', 'Bantuan insentif untuk guru ngaji berjumlah 23 orang bulan Oktober 2019 ', 16100000, 23),
(538, 1, 8, 7, 1, '2019-10-11', 'kredit', 'Pembelian Godibag (kantong YBM )150 Butir/Tas', 200000, 0),
(539, 1, 8, 7, 1, '2019-10-11', 'kredit', 'Bordir baju YBM dan Pembelian Topi YBM ', 255000, 0),
(540, 1, 2, 3, 1, '2019-10-12', 'kredit', 'Bantuan kesehatan untuk tiket pesawat an. Firdaus bulan oktober 2019 ', 2325100, 2),
(541, 1, 5, 5, 1, '2019-10-15', 'kredit', 'Bantuan peralatan kantor untuk DDII(Dewan dakwah Islam Indonesia) Kota Pontianak ', 2500000, 1),
(542, 1, 2, 2, 1, '2019-10-18', 'kredit', 'Bantuan Pendididikan untuk Uang SPP,Seragam an. Masita dan Sonia bulan Oktober 2019 ', 2700000, 2),
(543, 1, 8, 7, 1, '2019-10-21', 'kredit', 'Konsumsi ust. Entang ketika membawa pasien ke Pontianak ', 60000, 0),
(544, 1, 8, 7, 1, '2019-10-21', 'kredit', 'Pembelian Lampu (Operasional)YBM PLN ', 100000, 0),
(545, 1, 8, 7, 1, '2019-10-23', 'kredit', 'Perjalanan dinas Amil an. Condro dalam menghadiri Rakor Baznas di Putusibau ', 2073800, 0),
(546, 1, 8, 7, 1, '2019-10-23', 'kredit', 'Biaya Menghadiri Rakor Baznas di Putusibau Amil dan Pengurus YBM bulan Oktober 2019 ', 3372800, 0),
(547, 1, 2, 3, 1, '2019-10-23', 'kredit', 'Bantuan Bekal selama di jakarta dalam berobat an. Raisya bulan Oktober 2019 ', 1500000, 1),
(548, 1, 8, 7, 1, '2019-10-25', 'kredit', 'Listrik YBM PLN UIW Kalbar ', 203000, 0),
(549, 1, 5, 5, 1, '2019-10-28', 'kredit', 'Bantuan insentif Guru Ponpes Hidayatullah ust. Nurkalam bulan Oktober 2019 ', 5000000, 20),
(550, 1, 5, 5, 1, '2019-10-28', 'kredit', 'Bantuan kepada ust. Rusdi Saska dalam Membina KPMP serta dai pedalaman bulan Oktober 2019 ', 5000000, 1),
(551, 1, 9, 1, 1, '2019-10-29', 'debet', 'Penarikan Tunai ', 50000000, 0),
(552, 1, 2, 2, 1, '2019-10-29', 'kredit', 'Bantuan Pendididikan untuk Pondok Tazkiyah bulan Oktober 2019 ', 5000000, 40),
(553, 1, 2, 2, 1, '2019-10-30', 'kredit', 'Bantuan HP untuk belajar online di Nurul fikri dalam program Womenpreneur bulan Oktober 2019 ', 3000000, 2),
(554, 1, 2, 4, 1, '2019-10-31', 'kredit', 'Bantuan Sepeda Abdul razak untuk usaha menjual Koran bulan Oktober 2019 ', 1400000, 1),
(555, 1, 8, 7, 1, '2019-10-31', 'kredit', 'Pembelian Bagasi untuk Raisya 20kg Pesawat Lion Air ', 550000, 0),
(556, 1, 5, 5, 1, '2019-10-31', 'kredit', 'Bantuan transportasi ust. Abad dan yanto dari temoyok dan engkalau ', 600000, 2),
(557, 6, 5, 5, 1, '2019-10-04', 'kredit', 'Insentif Dai dan Guru Ngaji pedalaman berjumlah 32 orang untuk bulan Oktober 2019  ', 42152000, 32),
(558, 6, 11, 1, 1, '2019-10-05', 'debet', 'Bagi hasil atau Bonus ', 75303, 0),
(559, 6, 8, 7, 1, '2019-10-05', 'kredit', 'Pajak ', 15060, 0),
(560, 6, 8, 7, 1, '2019-10-31', 'kredit', 'Biaya adm.', 7500, 0),
(561, 3, 9, 1, 1, '2019-10-02', 'kredit', 'penarikan Tunai ', 50000000, 0),
(562, 3, 14, 1, 1, '2019-10-03', 'debet', 'Droping YBM PUSAT ', 130655850, 0),
(563, 3, 2, 3, 1, '2019-10-04', 'kredit', 'Bantuan pelunasan BPJS dan Obat an. Marlinda bulan Oktober 2019 ', 1065000, 1),
(564, 3, 2, 2, 1, '2019-10-04', 'kredit', 'Bantuan Pendidikan uang saku RGI dan  Nurul Fikri berjumlah 10 orang bulan November 2019 ', 3013000, 10),
(565, 3, 8, 7, 1, '2019-10-04', 'kredit', 'Biaya Pemindahbukuan E banking ', 6500, 0),
(566, 3, 2, 6, 1, '2019-10-18', 'kredit', 'Bantuan sembako kepada Dhuafa rutin bulanan berjumlah 38 paket bulan September 2019 ', 11400000, 28),
(567, 3, 2, 6, 1, '2019-10-18', 'kredit', 'Bantuan Sembako untuk UP3 Ketapang dalam rangka Hari Listrik Nasional ke 73 bulan Oktober ', 15000000, 50),
(568, 3, 8, 7, 1, '2019-10-18', 'kredit', 'Biaya Pemindahbukuan E banking ', 6500, 0),
(569, 3, 2, 3, 1, '2019-10-22', 'kredit', 'Bantuan Tiket Pesawat pasien an, Raisya di rujuk ke RSCM Jakarta bulan Oktober 2019 ', 2800773, 2),
(570, 3, 8, 7, 1, '2019-10-22', 'kredit', 'Biaya Pemindahbukuan E banking ', 6500, 0),
(571, 3, 2, 2, 1, '2019-10-28', 'kredit', 'Bantuan Pendidikan Beasiswa S2 untuk para guru Honorer berjumlah 3 orang bulan Oktober 2019 ', 60000000, 3),
(572, 3, 8, 7, 1, '2019-10-28', 'kredit', 'Biaya Pemindahbukuan E banking ', 6500, 0),
(573, 3, 8, 7, 1, '2019-10-28', 'kredit', 'Biaya Pemindahbukuan E banking ', 6500, 0),
(574, 3, 8, 7, 1, '2019-10-28', 'kredit', 'Biaya Pemindahbukuan E banking ', 6500, 0),
(575, 3, 9, 1, 1, '2019-10-29', 'kredit', 'penarikan Tunai ', 50000000, 0),
(576, 3, 8, 7, 1, '2019-10-31', 'kredit', 'Biaya Adm', 25000, 0),
(577, 3, 8, 7, 1, '2019-10-31', 'kredit', 'Biaya Materai ', 6000, 0),
(578, 3, 11, 1, 1, '2019-10-31', 'debet', 'Bagi hasil atau bonus', 51865, 0),
(579, 4, 8, 7, 1, '2019-10-28', 'kredit', 'Insentif Amil YBM PLN UIW KALBAR bulan Oktober berjumlah dua orang ', 5229500, 2),
(580, 4, 8, 7, 1, '2019-10-28', 'kredit', 'Biaya Adm', 25000, 0),
(581, 4, 8, 7, 1, '2019-10-31', 'kredit', 'Biaya Materai ', 6000, 0),
(582, 4, 8, 7, 1, '2019-10-31', 'kredit', 'Biya Adm BSM CMS Sept 19 ', 100000, 0),
(583, 4, 11, 1, 1, '2019-10-31', 'debet', 'Bagi hasil atau bonus ', 2341, 0),
(584, 5, 8, 7, 1, '2019-10-31', 'kredit', 'Biaya Admin', 25000, 0),
(585, 5, 8, 7, 1, '2019-10-31', 'kredit', 'Biaya Materai ', 6000, 0),
(586, 5, 11, 1, 1, '2019-10-31', 'debet', 'Bagi hasil atau bonus ', 521, 0);

-- --------------------------------------------------------

--
-- Table structure for table `users`
--

CREATE TABLE `users` (
  `id` bigint(20) UNSIGNED NOT NULL,
  `name` varchar(255) COLLATE utf8mb4_unicode_ci NOT NULL,
  `email` varchar(255) COLLATE utf8mb4_unicode_ci NOT NULL,
  `email_verified_at` timestamp NULL DEFAULT NULL,
  `password` varchar(255) COLLATE utf8mb4_unicode_ci NOT NULL,
  `remember_token` varchar(100) COLLATE utf8mb4_unicode_ci DEFAULT NULL,
  `created_at` timestamp NULL DEFAULT NULL,
  `updated_at` timestamp NULL DEFAULT NULL
) ENGINE=InnoDB DEFAULT CHARSET=utf8mb4 COLLATE=utf8mb4_unicode_ci;

--
-- Dumping data for table `users`
--

INSERT INTO `users` (`id`, `name`, `email`, `email_verified_at`, `password`, `remember_token`, `created_at`, `updated_at`) VALUES
(1, 'admin', 'admin@email.com', NULL, '$2y$10$QIh/lXhT4vUDNulVfsgeX.dANmcg1Fv1//fDvB0oae/4LZ2tRf7nG', NULL, '2020-01-16 08:55:26', '2020-01-16 08:55:26');

--
-- Indexes for dumped tables
--

--
-- Indexes for table `failed_jobs`
--
ALTER TABLE `failed_jobs`
  ADD PRIMARY KEY (`id`);

--
-- Indexes for table `kategori_ashnafs`
--
ALTER TABLE `kategori_ashnafs`
  ADD PRIMARY KEY (`id`);

--
-- Indexes for table `kategori_pembukuans`
--
ALTER TABLE `kategori_pembukuans`
  ADD PRIMARY KEY (`id`),
  ADD UNIQUE KEY `kategori_pembukuans_slug_unique` (`slug`);

--
-- Indexes for table `kategori_programs`
--
ALTER TABLE `kategori_programs`
  ADD PRIMARY KEY (`id`);

--
-- Indexes for table `migrations`
--
ALTER TABLE `migrations`
  ADD PRIMARY KEY (`id`);

--
-- Indexes for table `password_resets`
--
ALTER TABLE `password_resets`
  ADD KEY `password_resets_email_index` (`email`);

--
-- Indexes for table `pembukuans`
--
ALTER TABLE `pembukuans`
  ADD PRIMARY KEY (`id`),
  ADD KEY `pembukuans_user_id_foreign` (`user_id`),
  ADD KEY `pembukuans_kategori_pembukuan_id_foreign` (`kategori_pembukuan_id`),
  ADD KEY `pembukuans_kategori_ashnaf_id_foreign` (`kategori_ashnaf_id`),
  ADD KEY `pembukuans_kategori_program_id_foreign` (`kategori_program_id`);

--
-- Indexes for table `pembukuan_mentah`
--
ALTER TABLE `pembukuan_mentah`
  ADD PRIMARY KEY (`id`),
  ADD KEY `pembukuans_user_id_foreign` (`user_id`),
  ADD KEY `pembukuans_kategori_pembukuan_id_foreign` (`kategori_pembukuan_id`),
  ADD KEY `pembukuans_kategori_ashnaf_id_foreign` (`kategori_ashnaf_id`),
  ADD KEY `pembukuans_kategori_program_id_foreign` (`kategori_program_id`);

--
-- Indexes for table `users`
--
ALTER TABLE `users`
  ADD PRIMARY KEY (`id`),
  ADD UNIQUE KEY `users_email_unique` (`email`);

--
-- AUTO_INCREMENT for dumped tables
--

--
-- AUTO_INCREMENT for table `failed_jobs`
--
ALTER TABLE `failed_jobs`
  MODIFY `id` bigint(20) UNSIGNED NOT NULL AUTO_INCREMENT;

--
-- AUTO_INCREMENT for table `kategori_ashnafs`
--
ALTER TABLE `kategori_ashnafs`
  MODIFY `id` bigint(20) UNSIGNED NOT NULL AUTO_INCREMENT, AUTO_INCREMENT=18;

--
-- AUTO_INCREMENT for table `kategori_pembukuans`
--
ALTER TABLE `kategori_pembukuans`
  MODIFY `id` bigint(20) UNSIGNED NOT NULL AUTO_INCREMENT, AUTO_INCREMENT=7;

--
-- AUTO_INCREMENT for table `kategori_programs`
--
ALTER TABLE `kategori_programs`
  MODIFY `id` bigint(20) UNSIGNED NOT NULL AUTO_INCREMENT, AUTO_INCREMENT=9;

--
-- AUTO_INCREMENT for table `migrations`
--
ALTER TABLE `migrations`
  MODIFY `id` int(10) UNSIGNED NOT NULL AUTO_INCREMENT, AUTO_INCREMENT=176;

--
-- AUTO_INCREMENT for table `pembukuans`
--
ALTER TABLE `pembukuans`
  MODIFY `id` bigint(20) UNSIGNED NOT NULL AUTO_INCREMENT, AUTO_INCREMENT=587;

--
-- AUTO_INCREMENT for table `pembukuan_mentah`
--
ALTER TABLE `pembukuan_mentah`
  MODIFY `id` bigint(20) UNSIGNED NOT NULL AUTO_INCREMENT, AUTO_INCREMENT=587;

--
-- AUTO_INCREMENT for table `users`
--
ALTER TABLE `users`
  MODIFY `id` bigint(20) UNSIGNED NOT NULL AUTO_INCREMENT, AUTO_INCREMENT=2;

--
-- Constraints for dumped tables
--

--
-- Constraints for table `pembukuans`
--
ALTER TABLE `pembukuans`
  ADD CONSTRAINT `pembukuans_kategori_ashnaf_id_foreign` FOREIGN KEY (`kategori_ashnaf_id`) REFERENCES `kategori_ashnafs` (`id`) ON DELETE SET NULL,
  ADD CONSTRAINT `pembukuans_kategori_pembukuan_id_foreign` FOREIGN KEY (`kategori_pembukuan_id`) REFERENCES `kategori_pembukuans` (`id`) ON DELETE SET NULL,
  ADD CONSTRAINT `pembukuans_kategori_program_id_foreign` FOREIGN KEY (`kategori_program_id`) REFERENCES `kategori_programs` (`id`) ON DELETE SET NULL,
  ADD CONSTRAINT `pembukuans_user_id_foreign` FOREIGN KEY (`user_id`) REFERENCES `users` (`id`) ON DELETE SET NULL;
COMMIT;

/*!40101 SET CHARACTER_SET_CLIENT=@OLD_CHARACTER_SET_CLIENT */;
/*!40101 SET CHARACTER_SET_RESULTS=@OLD_CHARACTER_SET_RESULTS */;
/*!40101 SET COLLATION_CONNECTION=@OLD_COLLATION_CONNECTION */;
